image_id,split,dice
cju1d31sp4d4k0878r3fr02ul,train,0.9641887524240466
cju0tl3uz8blh0993wxvn7ly3,val,0.8810572687224669
cju846ec0kj7z08012o10klrb,train,0.9641145745057857
cju7csvlb22fr0850lvm45n3x,train,0.980813876190184
cju7g7ba42z310987bqzbi2bq,train,0.980874055656498
cju1b0y2e396p08558ois175d,test,0.9124786200371192
cju8dpa89u6l80818dj6lldh9,train,0.9524600002553855
cju85nr8elly209872w9n5m0s,train,0.9478567826525467
cju3ttznuftyf09875t11850w,train,0.9641696633594732
cju83wwn1k55e0850kw6i2d81,train,0.96
cju8bafgqrf4x0818twisk3ea,val,0.9625775179984318
cju2zxja9w1eh09933609ho9z,train,0.9469250210614996
cju2ouil2mssu0993hvxsed6d,test,0.9410079575596817
cju3y21quj0ir0818kgjagr15,train,0.9724189986301753
cju6x35ervu2808015c7eoqe4,train,0.9719847230487612
cju7aifyo1p3n07552nxjx51f,train,0.9508788206793464
cju30ywtc0oar0835bp2en7ec,train,0.9698982210275459
cju34repocy5208780gswillm,val,0.9815000369864764
cju3ua8u0g9rg0801uayhdxhu,train,0.9745988589289346
cju1hp9i2xu8e0988u2dazk7m,train,0.9734853526167132
cju43mkj9m8wb0871qiadahub,train,0.9586386127710808
cju85citjlnfm0755i4rk5tqj,train,0.9191176470588235
cju1ewnoh5z030855vpex9uzt,train,0.9557085141403562
cju83qd0yjyht0817ktkfl268,train,0.9659827149396852
cju0ue769mxii08019zqgdbxn,train,0.9568580779529902
cju7et17a2vjk0755e743npl1,test,0.8980376509848018
cju3xtufwiv9c0818djsc4cqd,val,0.949321991770002
cju8a56vxpy780850r45yu4wk,train,0.9441159891456812
cju773hsyyosz0817pk1e7sjq,train,0.9667703480598443
cju8a84g0q76m0818hwiggkod,train,0.9580453930174395
cju5vcmrqla7i0817x4sp4pqw,train,0.9491708723864456
cju2xd75m82720801q4s4ik3n,train,0.9832882541743301
cju7b4mtw1n9n080186209f3d,train,0.9276496482185184
cju5eyfe9cpk90987laa7tsl3,train,0.9685679584354828
cju2y26c588bo07993ksd8eoz,train,0.951706962747743
cju2zjcvj9qma0801dk71hhi0,train,0.9575082698507863
cju2s9g11pnra0993gn4eh793,train,0.9529087152541702
cju85je7vlht70817c9jcjwi4,train,0.9844675690054735
cju14pxbaoksp0835qzorx6g6,train,0.9638104034594231
cju6vvxsev9y30987kespucdg,train,0.9543628730284807
cju41s6nbleqy0755e2mslg0b,test,0.9600251460690777
cju2nfnvxzdkd0878399axlco,train,0.9728403059826078
cju7emdni2py40871ivhxjtut,train,0.9745241756876588
cju7eueum2oqn0850rodmx8zo,train,0.937749094661029
cju8a1jtvpt9m081712iwkca7,train,0.9839821875372334
cju2pjb9v0ywn0878j5g5n69j,train,0.966478939736283
cju7efffp2ivf0817etg3jehl,train,0.9819107561478576
cju5fb86jd1jp0755b1ukbhq5,train,0.9787953575720073
cju84kplnl1y30755ropua1b0,test,0.979886421085606
cju8dk7eztzup08182yxko5zh,val,0.9441205189008229
cju30ajhw09sx0988qyahx9s8,train,0.9499219485132143
cju7bfx651qr80801cs7epotb,train,0.9700901020163325
cju847pxykriq0755268ktrk2,val,0.9165001329736712
cju7fnfv02tt90801djnix9m8,train,0.9112359550561798
cju0u2g7pmnux0801vkk47ivj,train,0.9815168494988556
cju2rpa30t07b0835im0erql0,val,0.9650963304841574
cju2uokeg5jm20799xwgsyz89,val,0.9748504895474993
cju43jcqim2cp08172dvjvyui,train,0.9473481752175794
cju5u4pywk81x0817vn9pe14z,val,0.9407197735543874
cju5waeduln160817w0agirve,test,0.9602109581013771
cju2pmhtr17a00855cvpelzb0,train,0.9693011684215203
cju8828oxnool0801qno9luhr,train,0.9725547305082576
cju8b542nr81x0871uxnkm9ih,train,0.8969658153870786
cju88fpm4o0tl0871w1i6a4ds,test,0.9322774890703621
cju2srvy5440s0801y1ba9akr,val,0.9638745495744712
cju2rn0hasxri0835nfy3buay,train,0.8854548966582964
cju5y4hgqmk0i08180rjhbwvp,train,0.9634582526483654
cju34ds2531520988qjpqt6e3,train,0.9529702762755209
cju2ysg748ru80878sp6j0gm0,train,0.9809251311397235
cju5ekty5ckzf07550c9u3ckk,train,0.9679446271660694
cju7d9seq29zd0871nzl2uu5m,train,0.9701815330963356
cju2hlm19vjjf0801o69qnber,train,0.9505142193319135
cju2yb31a8e8u0878wdashg7o,train,0.977212626875311
cju43gfosm63n08714rpih8pe,train,0.9745125380026058
cju0qx73cjw570799j4n5cjze,train,0.967733274521273
cju5vzjoslpj708186z2fusmz,train,0.9521516330184602
cju83yddek68q0850d2x7zfkm,train,0.9664584581158552
cju7ehljc2or70871261br8ai,train,0.9390633118088028
cju2xyd9vyi7m098831qcucse,train,0.9741115781429117
cju7d7tly27h408016fyp5nr7,train,0.9498462294046798
cju7aklv31h4309871m29l4e7,train,0.9660666596255111
cju87zv8lni0o0850hbbecbq6,train,0.9042195465885671
cju1c3218411b08014g9f6gig,train,0.9723944898743209
ck2bxqz3evvg20794iiyv5v2m,train,0.896268221574344
cju8auylgqx0z0871u4o4db7o,train,0.9371367635297254
cju2u73dj53oz0878486k8k4b,train,0.9649867029902056
cju2tjrog4jy30878pawyazqc,test,0.9583273961423371
cju8cwy02t9eq08185qn12c02,train,0.9506942769527617
cju6us80mv1b50871ebyq2wxa,train,0.8890625
cju5wmvsdlx1j0871npgj8j4b,train,0.9367300562133716
cju2iatlki5u309930zmgkv6h,test,0.9714614352354783
cju7aqkue1i2k09879uzcpt8r,train,0.9244714560282583
cju5cky5xb0ay0801oxet697t,train,0.9509402654867256
cju5ew4h9cqaf0818rrczkmqh,train,0.9689063616869192
cju418rckl3ur08012psrx1r1,train,0.9593009471984827
cjyzkpsbjdsjq07211dfi4sru,train,0.9452731499418829
cju3u39fog1bo0871lxjrabks,train,0.984707541188383
cju1d96gsv62d09881b3wecw2,train,0.971078316826344
cju2u4pymvc720988wsxrmi84,val,0.9717066482352479
cju2yg5ht8i4p087800js8hp4,train,0.9674794702097855
cju0sr5ghl0nd08789uzf1raf,train,0.9656932977173385
cju5y7buemcw80987p0r30g9f,train,0.9726584209665995
cju439oazm2fu0871ma0vvrft,test,0.9556660899653979
cju8bljw9rqk20801kr54akrl,test,0.9622815189424186
cju8amfdtqi4x09871tygrgqe,train,0.9509842474150494
cju7b1ygu1msd0801hywhy0mc,train,0.9262907035599798
cju30ov1oah920801mi8thuyg,train,0.9234652774048016
cju183od81ff608017ekzif89,train,0.9561056105610561
cju7dda8w2br20818zhsuz8s7,train,0.9815423445671121
cju5knbbqfipk080128cggukq,train,0.9634825616769053
cju1djtprvd7b0988thwwrg09,train,0.9519618435268387
cju30nyxe0gfb0835p256yoju,train,0.9667670619164338
cju7dglf226g50987ohbthl19,train,0.9410173686303973
cju8b8yair65w09878pyqtr96,train,0.9462036287992603
cju2oq5570avm079959o20op1,train,0.9818554437328454
cju8b2rmgr52s0801p54eyflx,val,0.9520063404467667
ck2bxpfgxu2mk0748gsh7xelu,train,0.9355142850878154
cju5bmhdcafs909878qfzrqzi,train,0.9673249551166966
cju1erep75us208553i4ofwwe,train,0.9763684510441457
cju6vgdmivcvb08018fra5lnv,train,0.9630565917522171
cju7deifq2fzn0755lc8idyh8,train,0.950068643860606
cju2mh8t6p07008350e01tx2a,train,0.9519698066384035
cju6z9a9kwsl007552s49rx6i,train,0.9661607291779089
cju2wxv0hxs2f09884w48v8fi,train,0.9027377521613833
cju2r7h21sj9608354gzks3ae,train,0.9450303313112459
cju5eq8c8ck690850vix98hv3,train,0.9709766690631186
cju2wve9v7esz0878mxsdcy04,train,0.9499761791329204
cju7cufm7298k0755j09uf3of,val,0.9567777120704383
cju7dxffn2eam0817qxosfwch,train,0.9676780453705707
cju2rlqdnoz9k0993cpjae3x0,train,0.9725193053692491
cju5wuhm1lwm40987vugqn3vv,train,0.9477907311456534
cju6wjm81vgsc0987enk9n3pr,train,0.9841599073001158
cju2urqpwvxw70835rvndvtsi,train,0.9490261956008189
cju35k2fr3vc50988c85qkrwg,val,0.9230769230769231
cju34zivp3fq80988opxbaqyn,train,0.9420495670896514
cju30k2z40ds308353kdew70n,train,0.9586315789473684
cju33qpdvc9g0087825jhf3s9,train,0.9445278685628478
cju1f79yhsb5w0993txub59ol,train,0.902027027027027
cju8bzzy2s66m08016z6mouqt,train,0.957489697186884
ck2bxknhjvs1x0794iogrq49k,train,0.9589269219260242
cju3128yi0rpu0988o4oo5n8n,train,0.954242591570035
cju5x7iskmad90818frchyfwd,test,0.965362184864359
cju2lz8vqktne0993fuym6drw,val,0.9648652101699247
cju1f8w0t65en0799m9oacq0q,test,0.9574013157894737
cju1d50a94qf50855wsowacrc,train,0.9621755253399258
cju7bgnvb1sf808717qa799ir,train,0.9625340776320914
cju1hirfi7ekp0855q0vgm9qq,test,0.9374894692502106
cju8ceacrsqkr0755hdz145es,test,0.952534479670428
cju2zi4l09f5807991s8do2b2,train,0.9555198447591037
cju5ht88gedbu0755xrcuddcx,val,0.959521930319089
cju34aozyyy830993bn16u32n,train,0.9693542161346543
cju2zy1e49pqk0878t6ncqn12,train,0.9158658375730168
cju7eea9b2m0z0801ynqv1fqu,train,0.9537020617474731
cju5nxkujgscq0817l9gss626,train,0.9341777254452683
cjyzk8qieoboa0848ogj51wwm,train,0.9782116985399749
cju324q101fhe08350wae9cif,train,0.957957723374006
cju1fyb1d69et0878muzdak9u,val,0.962476000307196
cju2z2x3nvd3c099350zgty7w,train,0.9546308864989036
cju87tyddnnad0755bj0wxahe,train,0.984389740751456
cju6vifjlv55z0987un6y4zdo,train,0.9757187281214978
cju1g20bdwq6u0835e16xugcd,test,0.9720501234452881
cju2syxa93yw40799x2iuwabz,test,0.926338016730285
cju5bf6hxa6m50817rbwettgu,train,0.9507733597005438
cju306x7w05nb0835cunv799x,train,0.9525915193481922
cju171py4qiha0835u8sl59ds,test,0.9736352669146476
cju7alcgr1lsr0871riqk84z7,train,0.9338072821596696
cju1cdxvz48hw0801i0fjwcnk,train,0.9524776821510664
cju2rxm8rpbaf0993o3qr2oph,val,0.9397689768976898
cju2zm0axztpe0988r8s9twjr,train,0.9490584049292718
cju3xl264ingx0850rcf0rshj,train,0.9679549829705316
cju8b5p40r2c60987ofa0mu03,train,0.9273871983210913
cju84ih17kp5l09876bkooocl,train,0.9720130197338853
cju85l4yjlops0801fvmnwptf,train,0.9726640088023892
cju8a3nhbpwnb0850d37fo2na,train,0.9480048367593712
cjyzlw7f9faqr070129au64sq,train,0.970381316863072
cju1efbr0rqxz09931z0lf4vf,train,0.9431904256930768
cju8ando2qqdo0818ck7i1be1,train,0.9397894231154169
cju7bd1qu1mx409877xjxibox,train,0.9452373648977824
cju8914beokbf0850isxpocrk,val,0.9191386195094124
cju76o55nymqd0871h31sph9w,test,0.8410411928228456
cju3xeexgii1j0817zs68tb4g,train,0.9587201673738271
cju17g6ykn1cs0993dww6qdi8,test,0.9580627677959689
cju2pag1f0s4r0878h52uq83s,train,0.9512656297651723
cju1cj3f0qi5n0993ut8f49rj,train,0.9783062539711355
cju5wj0faly5008187n6530af,train,0.9482352941176471
cju5b9oyda4yr0850g9viziyv,train,0.9447910036070444
cju13fwthn9mq0835gacxgy01,train,0.9684647302904564
cju40taxlkrho0987smigg0x0,train,0.9488379599741769
cju7ddtz729960801uazp1knc,train,0.9424589410715412
cju2uzabhs6er0993x3aaf87p,train,0.9529770011170449
cju41r6v2lcww0871ps8k8pf5,val,0.9633246927000585
cju7ahtkb1jr90801jck4kbds,train,0.9674124793950502
cju85c2d4ln1b0755zz1z3onx,train,0.9041193181818182
cju2y8s56ymqr083541ggdsml,test,0.9458326345799094
cju2txjfzv60w098839dcimys,train,0.9426512065183328
cju2sxf3iqbpv09937iksn8ep,train,0.9686575888865965
cju6z1bzbwfq50817b2alatvr,train,0.9850780239675834
cju3u815rg4ek0850vvhtcvcm,train,0.9796680712013071
cju7f6cqy2ur20818t1saazbm,train,0.9607124982938259
cju7afqon1ip40850ue2308b6,val,0.9443138265322555
cju88t4fvokxf07558ymyh281,train,0.9596784245294777
cju8dic9mtppa0987swn23wbc,train,0.9698025478110489
cju2raxlosl630988jdbfy9b0,test,0.6293853053422359
cju8c1a0ws7o208181c6lbsom,train,0.9674423852152065
cju42qet0lsq90871e50xbnuv,train,0.951477547586497
cju0u82z3cuma0835wlxrnrjv,train,0.9692413092524126
cju17x0j4nfc10993y31pvlgs,train,0.9924212838304083
cju2t9tdwuk700835kv0ljmtl,train,0.9727202530172733
cju2ntxtdzlvu0799xl3j9pan,train,0.9237369945296579
cju34xspwzenf0993cyzajv9n,train,0.959944042900443
cju33yemn2qb20988wfjxximx,train,0.9451574418856874
cju2xa3i4y0160988i679zsqd,train,0.9583892226045372
cju5buy2bal250818ipl6fqwv,train,0.9605217813062402
cju8bn7m2rmm70817hgxpb1uq,train,0.9710770432574943
cju2lcyfgkf5809932fn9gucn,train,0.9569163310049457
cju5chrxxawka0871qcj171yz,train,0.9766995698858186
cju83mki1jv5w0817kubxm31r,train,0.9664847579763167
cju83nwu1jxte0987h1krpfmv,train,0.9652176710962386
cju5bj926aiec07559rshy4wa,train,0.9516754046045134
cju83vvmik9wa08710yeh7cuk,train,0.9549690512897213
cju2xjz2ju8pe0993ysv9wg17,train,0.9736240530594253
cjyzl833ndne80838pzuq6ila,train,0.971547597943627
cju2tzypl4wss0799ow05oxb9,train,0.9852623456790124
cju34i3qvcyog0855qiejxx5w,train,0.967559145866459
cju5h57xedz5h0755mjpc8694,train,0.9826617319083286
cju3u1c8tfyqx08503iedc3mx,train,0.9627588960423217
cju83rcnzkbsj0755x5anfrcg,val,0.9550642710546214
cju2qn2fzs1vy0988l243cvzy,train,0.9725433526011561
cju8bj2ssrmlm0871gc2ug2rs,train,0.8595664467483506
cju7adqyj1jcx08712r1ro5gx,train,0.9756538944117363
cju2osuru0ki00855txo0n3uu,train,0.9747537887304942
cju8bm24yrrdp081829mbo8ic,train,0.9457945369547579
cju2ro5jqsy680988pi6qsujw,train,0.9286541796489916
cju3381d8bz3h07991xtl7ra0,train,0.928462709284627
cju3xga12iixg0817dijbvjxw,train,0.9630069400372592
cju77bvg0yv4r0987yh60xmjo,train,0.9583527221963704
cju3ykamdj9u208503pygyuc8,train,0.9169821459101678
cju2s16zp317h0799gr67jqc2,train,0.9803528679750694
cju7b10ce1mnm08011c5bwyr4,train,0.9696442519349571
cju2u2b9o4zvp08788qb9nqxj,val,0.9799072212987627
cju8bk8oirjhw0817hgkua2w8,train,0.979493533110244
cju45jpvfn6c809873pv1i34s,train,0.9680476308608286
cju40m0rjkpw80871z6n6yg1u,val,0.9619575031601758
cju40u30gkuzc0871rq7t666d,train,0.9533425724279021
cju784jpdzeae0987q5ypq883,train,0.9291841520612194
cju1aqqv02qwz0878a5cyhr67,train,0.9528682728651873
cju2sevf53lkx08558h5bpaig,train,0.9764693598019766
cju18kevfrojc0835bn90f1in,train,0.9407599851543096
cju1bhnfitmge0835ynls0l6b,val,0.9570182800014595
cju1hmff8tkp809931jps6fbr,train,0.9731678143083439
cju7bc95p1mdm0817yqj5jc6j,train,0.9489355732472907
cju7dp3dw2k4n0755zhe003ad,val,0.947563427693559
cju772304yw5t0818vbw8kkjf,train,0.9256836792501416
cju1c0qb4tzi308355wtsnp0y,train,0.968882930953664
cju3xuj20ivgp0818mij8bjrd,train,0.9333882849930452
cju83kxitjv340987z09m0ezy,train,0.9437055930041902
cju7druhp2gp308715i6km7be,train,0.9693075730814981
cju3x9lttikfb0818a0g104zn,train,0.9386224590487467
cju160wshltz10993i1gmqxbe,train,0.9316505301982481
cju1bm8063nmh07996rsjjemq,train,0.9468642085329174
cju18ibp219ub08783i6o98g7,train,0.9028494123615456
cju330ofbc2l30801th5g3hw6,train,0.931090509414126
cju32pzh9bpw10855q4vaxfhe,train,0.9502245408341625
cju1hs0za7jha0855vj0mdrjt,test,0.976724414804179
cju2top2ruxxy0988p1svx36g,train,0.9658991737828998
cju1haab178i70799tk9z8y8x,train,0.967133583874274
cju8bgdmqrksy0801tozdmraa,train,0.949593264892899
cju7bmi1v1pnj0987pa52jjok,train,0.9634915710001034
cju34ouumcznz07996gg1xq7v,train,0.9642366348248701
cju3tsh4lfsok0987w6x3a0v1,train,0.9594570386294052
cju6v3bb2v7xo085090blubyw,train,0.9326701413250477
cju3tp94kfstl08181awh6z49,train,0.9862144522386588
cju45lbgznahl08180xz1h7u6,val,0.9549473820339147
cju8doa16u5gh0818w1ywda3q,train,0.9483827120906867
cju6x97w4vwua0850x0997r0a,train,0.9290586369628766
cju892fesoq2g0801n0e0jyia,train,0.9770377563260411
cju8aeei7q8k308173n9y4klv,train,0.943649481076676
cju2yljr0yzhw0988ecf271ly,train,0.9640848736353572
cju5vwbr4lhqn0987a1pji0ux,train,0.9470746728252502
cju45t5ddnbio0987qtqzx762,val,0.965354132595295
cju85omszllp30850b6rm9mi3,train,0.963967772417566
cju6v1m1xv07w09870ah3njy1,train,0.9360471521427784
cju15wdt3zla10801odjiw7sy,train,0.9699809935527149
cju2qqn5ys4uo0988ewrt2ip2,train,0.9824181860914232
cju32csyfblyh080170aa3x5p,val,0.9718034380125129
cju2saez63gxl08559ucjq3kt,train,0.9695875042928555
cju1f5x1164xv08555654c24r,train,0.9713160924520594
cju33eqwbcch208012jikwdky,test,0.9384407238288517
cju2hgsptlfam0835o3b59h1o,train,0.9224106820642367
cju8dm2cau2km0818jsv9eeq2,train,0.9757918495919835
cju30ftgja7170855xl9bkdm0,train,0.9783104113212959
cju7fd6yt2p740987wkr8exo1,train,0.940527649426144
cju358pwtdby20878cg7nm0np,train,0.9426468444833115
cju30lncba3ny0878jwnous8n,train,0.9517244680596444
cju2i8br1vqtd08784u6vmcjk,train,0.9749543035866607
cju357rxxdaz30878y2esjpjt,train,0.9422040327410661
cju88aq6vo1ij0755c2ey7z7n,train,0.9754664134167407
cju5wrapcm2290818jsh26ppb,train,0.9361307448747881
cju7agj961l2r0818z29iq8yn,train,0.9507657615334022
cju1g4nsb6ngy0799l4ezm8ab,val,0.9689649063471356
cju1hhj6mxfp90835n3wofrap,train,0.9270971894443253
cju3xzvnzj0hd0755xprz39nj,train,0.975677890673881
cju34c1xfyz920993itxkkfad,train,0.9722837250246752
cju5ygh1zmmdi0755uod5e17i,train,0.9599844694120216
cju1brhsj3rls0855a1vgdlen,train,0.9374871224296369
cju77afzlz3kp07550x5nafzs,train,0.9814093361508579
cju2yyhsp933j0855hp32e012,train,0.9660574922591547
cju34uhepd3dd0799hs8782ad,train,0.9242361317116583
cju32l161bi1v07990vm376in,train,0.9404322614654718
cju5c5xc7algd0817pb1ej5yo,train,0.9541449154311965
cju1alwgo30z60855fm3y23sm,train,0.9591909281575486
cju858eswlepn0871pzvdrhj1,test,0.982568827337659
cju2nyc5f02m40801ojqbtiea,train,0.971681691016475
cju40poe4kt9s0755f9cnm3h5,val,0.9699211032827442
cju87z6o6nh73085045bzsx6o,train,0.9716780100993142
cju5cetivauok0987ok3e5bre,train,0.9685595905435047
cju16b6ynq8e40988m8vx0xnj,train,0.9373594047413047
cju2pkwt3r8b90988v2ywq1px,train,0.9547222222222222
cju16ach3m1da0993r1dq3sn2,train,0.980334383993422
cju8ayeq7r1fb0818z1junacy,train,0.9319059453259415
cju2hqt33lmra0988fr5ijv8j,train,0.9715395109665232
cju2qu37qobl50993aw7ghcfq,test,0.9320247460475063
cju2xlcqxy9c60988vjacdznb,train,0.9666292262864026
cju5hl8nee8a40755fm8qjj0o,train,0.9509510743903566
cju8alhigqn2h0801zksudldd,train,0.9829070014455734
cju84dsvaklpx098750hp83x4,test,0.9715296136441833
cju15mhjczc8z0801kit5c6di,test,0.9530603005642481
cju45ofd9ne1j0801ri8dup7t,train,0.9767909466199586
cju7etr3y2p4t0801cdzjj8ab,train,0.9398737808376363
cju88itqbny720987hxizbj5y,train,0.965717588367707
cju45v0pungu40871acnwtmu5,train,0.9635733153609514
cju43lcnum9y10755bjs7z87f,train,0.9453530115676106
cju1871y11d6r0799k6cw4yze,train,0.9739055423765366
cju7d8m3b2e210755l8fj1yph,train,0.9634245308181668
cju2ij9uiic2l09933ljiv6gm,train,0.9356611703847397
cju1drnhbrb9409935wi7vkhg,train,0.9280645383002852
cju5enq1tcn1i0755hnkon787,train,0.9616240211481869
cju5yeqiwmkgl0801fzv2douc,val,0.9557003768844221
cju1f320ewfyu0988ndz6blh5,train,0.9362459747337132
cju5f0dezct4q08183ydw11dx,train,0.958709340452079
cju5c7oijaqmq09878qwgqv8n,val,0.9589978916036215
cju83syhdk6gs0801rf1rekdl,val,0.9721585017125978
cju3ul8dogf1z09872y2ecowp,val,0.9411025496874896
cju1csmlc4ht10799b8ymmghg,train,0.9645137171449933
cju7fob3x301u0755x985pmmq,train,0.973124880630815
cju2rga4psq9n09881z519xx0,train,0.9425075941253518
cju8cdeazsm8h0801jxifmzur,test,0.9737143380500984
cju3x2s11ibzi0817kk284k0j,train,0.9648797424217695
cju3x4blzieu30850x10uuvbm,train,0.9676250692265091
cju2m56cryvqd0801gtn2yp8t,train,0.9460835704657781
cju84aoa3ktwn0755pfl4gfwd,test,0.9815095637990137
cju8bbznkrf5g0871jncffynk,train,0.9777145061933715
cju2wtwj87kys0855kx6mddzw,train,0.9763751076032549
cju5xq3tdm9fn0987pbedxdg5,train,0.9194154488517745
cju2zp89k9q1g0855k1x0f1xa,train,0.9456406832470928
cju1cnnziug1l0835yh4ropyg,train,0.9639540587628342
cju0vtox5ain6099360pu62rp,val,0.9309791332263242
cju87nkyrnb970801q84m47yt,train,0.9346102253238925
cju5hjxaae3i40850h5z2laf5,train,0.961332141260617
cju15czxqp3lv0835jvhgzurz,train,0.9682266531314634
cju7db7lp2f400755tntd1ohf,train,0.9639204954630564
cju30qbm1ad3x0855znuhpz9u,train,0.9787800500917033
cju0s690hkp960855tjuaqvv0,train,0.9488467874794069
cju42g865lorv07552ytz6xxa,val,0.9796260524109779
cju3x5u2tiihx0818914gzxy1,train,0.9820011856261746
cju35eg0tdmjt085525sb4bua,train,0.9590980705092792
cju2t62nq45jl0799odpufwx6,train,0.9784546973902127
cju5x15djm7ae0755h8czf6nt,test,0.9592534089810129
cju6wn57mvooj0850rp78hhy7,train,0.9649631526090215
cju0t4oil7vzk099370nun5h9,train,0.9725818633606993
cju8b7aqtr4a00987coba14b7,train,0.9336292814553684
cju6ywm40wdbo0987pbftsvtg,train,0.9621853128590828
cju5u6wf0kh1t0755bg1ssixv,test,0.9786378321355574
cju3uz4o6gr9z0850lhxyxvsj,train,0.9683724441391599
cju8d2q30tfhs0801n7lx77xl,train,0.9761231405031039
cju77b3wyz4160755qis4ljsb,test,0.9118109601193597
cju849c23kgnk0817cgv2hw1e,train,0.9546404564198159
cju32qr9tbvsj08013pkpjenq,test,0.9337221753890319
cju3ya7goj6at0818v2l5ay7f,val,0.9011104310570954
cju85bf1algsq0871y9gtlq97,train,0.9543017020284449
cju5kre09fhka0850h7b1898j,train,0.9567303889255109
cju7b3f5h1sm40755i572jden,val,0.9699259732103329
cju5xjn5mm78b09871spyqhhr,train,0.968115673371026
cju3v664kh0px0818y4y7wolf,train,0.96233269132311
cju2okvco06xc0799kxe5n1qh,test,0.9824575135262061
cju5xopi0md7q0871r1sjc1av,test,0.9605208518716261
cju2sszfq3uye0878sucelzk2,test,0.9157190845728246
cju7fbndk2sl608015ravktum,train,0.953195101248939
cju2oi8sq0i2y0801mektzvw8,test,0.9788931407298643
cju8buos5rz9b08715lfr0f4f,train,0.9637909973033397
cju87r56lnkyp0755hz30leew,train,0.9569666128493866
cju7evxt12m730987rxivne3x,test,0.9687103490508266
cju2tqfgw4oat0799rn0g5b2z,train,0.9679548067789832
cju5uhrdwkmsu0817ervv91l8,test,0.9417620706819313
cju7ezs7g2mxm098787atbran,test,0.9569074778200254
cju76erapykj30871x5eaxh4q,train,0.969214592400035
cju2zrojo9kcd0878ld2epejq,train,0.933584484442584
cju6yywx1whbb0871ksgfgf9f,train,0.9430675750322224
cju2p0eveqtdc0835gpi3p93i,train,0.9550909315848076
cju8c3xs7sauj0801ieyzezr5,train,0.9596066496197306
cju5yjq1pmlgc0801z0t24bly,train,0.9607897480566444
cju5v8pgplg6k0755rvi2t63h,train,0.9374475551148066
cju1dg44i4z3w0801nyz4p6zf,train,0.9079279582561858
cju5g163vd6mt0817uccuga6u,test,0.9474023416520463
cju7dvl5m2n4t0755hlnnjjet,train,0.9129287598944591
cju414lf2l1lt0801rl3hjllj,train,0.91803829006032
cju6wt9jvvn500871hjn3t3g0,train,0.9504414936640604
cju87kbcen2av0987usezo8kn,train,0.9120476165169793
cju7dlk532dsh0871zvr6qz0r,train,0.9605296745373325
cju3v56bwgy8v0871w14pz8fx,test,0.9400557374617202
cju1euant5l960878iqj5vvto,train,0.947708639899096
cju5ft6mcd5q40987rhjgbrr6,train,0.9655361300041083
cju7crgxa28550755wbsgqkel,train,0.949955337204109
cju5i39mreass0817au8p22zy,train,0.9608505000157733
ck2bxskgxxzfv08386xkqtqdy,train,0.9552688744070577
cju887ftknop008177nnjt46y,train,0.9225664670142629
cju13cgqmnhwn0988yrainhcp,train,0.9755374524404192
cju42u5bjlvi10801dc13sskp,train,0.9655774043618163
cju3y9difj6th0801kd1rqm3w,val,0.9758998039091656
cju85ia1slh220987y7c20sm2,train,0.9508472085161778
cju7fazv92ywx0755xov2erga,train,0.9777159431225977
cju3v3ac9gyz30755hfqwyp1i,train,0.95867658782886
cju7ecl9i2i060987xawjp4l0,val,0.9650243624300228
cju2qvuj1s9ok0835tp2k4ozh,train,0.9751755005656527
cju2qtee81yd708787bsjr75d,test,0.957298085205062
cju0roawvklrq0799vmjorwfv,train,0.9615585558335854
cju35i2e63uxr0835h7zgkg9k,train,0.9725504036705342
cju7ctvqn25dy08186g442m1r,train,0.9371006322503846
cju8418jhkf7d0818ga2v0xq0,train,0.9803863172226004
cju88q6h6obpd0871ckmiabbo,train,0.9399010333695177
cju88vx2uoocy075531lc63n3,test,0.9446199407699901
cju17hw9hr9c5098800fu4u8e,train,0.9149263292761051
cju83k8fyjsxr0817d6nxs6r4,train,0.9543781681827651
cju1expq45zst0855rjqwwj4m,train,0.9810035135236003
cju7azuu31mia0801pf9ib5ed,train,0.958173556466807
cju7ae7bq1f820987toc8si1d,val,0.9341011517275913
cju7cp6dw244p0818gncdol4m,train,0.9313139026770184
cju17v6ih0u7808783zcbg1jy,test,0.9825390437367745
cju8bysfgrzkl081786jwac09,train,0.9729001818449894
cju3xjqtpikx50817tppy6g84,train,0.9726037232678599
cju8b4ja9r2s808509d45ma86,train,0.9662710675620308
cju302fqq9spc0878rrygyzzz,train,0.9697048762103554
cjyzkmjy8evns070165gf9dmq,train,0.9553254252181008
cju7d6ux323ze0987xos3srkx,train,0.9708594887658475
cju45n0oxn5vu08500yfrt9jn,train,0.9698994576618856
cju77idwfz36d0871tzfzz51i,train,0.9728245726180524
cju1dq3x1vgx109889c7wyirg,val,0.9564414209685222
cju45pm27n80u08174kyow1gj,train,0.9449663520166207
cju32phw2bv130801yj7bkouq,train,0.9809360082272943
cju6vta3kvazg0817qbeppjtm,train,0.9709530720851476
cju8chxndsre008015uisl4si,train,0.9317957508700847
cju7bf1lp1shi081835vs84lc,train,0.9674351611622517
cju7dff9529h208503w60lbil,train,0.9742899859480286
cju7avvi51iox0817ym55y6tt,train,0.941711080264368
cju2igw4gvxds0878808qj398,train,0.8997396169016989
cju2otvvv0l7z0855x7we8cb0,train,0.9535825124814465
cju8cattbsivm0818p446wgel,train,0.9686324590583916
cju30df2j09dd08351ayx2t6w,train,0.9659197328953976
cju2zgbj9zmrw0835nnlzxj4c,train,0.9543832925802702
cju3u4lxmg59o0755rz42b9en,train,0.971830043492807
cju30mm25a53s0799qa5wiqe8,val,0.9286554049873151
cju35mdz73x890835eynq1h9v,train,0.9549952506342507
cju7dizi82h2i0755doucgnt3,train,0.9581378563695416
cju6w733bveoz0817e600tw72,train,0.9494889267461669
cju3v0fl3gwce0755qkjhzmd4,train,0.9748214746923362
cju2zblxw9848087853csbrx1,val,0.9622768900507245
cju42py9mlqyd0818u3d1d7ga,train,0.9572899555270644
cju7dqcwi2dz00850gcmr2ert,train,0.9526155549404927
cju30gxjq0djk0988jytm49rs,train,0.9586773750634793
cju857ad0l88m0817qx4cwxnf,train,0.9531255673222391
cju8bh8surexp0987o5pzklk1,train,0.9663135161258656
cju87xn2snfmv0987sc3d9xnq,train,0.964077845623327
cju7ajnbo1gvm098749rdouk0,train,0.9785909014561288
cju5f8hxdcxxn08188obby0ea,train,0.9621673923560716
cju1fjsb4sipq09931lvd8e41,train,0.9513546933998719
cju2qxxko229x08786gvxxhur,train,0.9105417891642167
cju1ejj7dvqfa0835ra184v5m,train,0.9666958721783045
cju5boicjagt20871b1fotkh4,val,0.9748047695628866
cjyzuio1qgh040763k56deohv,val,0.9556116250817681
cju34sh43d8zm08019xbwhc0o,train,0.9615157828530996
cju5ca9hcatkc0801jzwe7tfx,train,0.9465030426336963
cju7ebe962hr409872ovibahw,test,0.9753838688433677
cju13hp5rnbjx0835bf0jowgx,train,0.9692733858938845
cju7f5ghb2r5s0801chwkxxh9,train,0.9435152694891956
cju85dx63lic408017f0l0400,train,0.9442251765683424
cju15l5ubz9yh0855b3ivdpse,train,0.8815940620305734
cju31ugmfb3dz0855xtqshki6,train,0.97234501150769
cju1cbokpuiw70988j4lq1fpi,train,0.9419673680002907
cju16fpvhzypl0799p9phnlx6,train,0.9607382688584023
cju8axq24r4an0755yhv9d4ly,train,0.9468556244464128
cju2t3ibkuecr0835o7si16zv,train,0.9354825545806978
cju43in5fm22c08175rxziqrk,train,0.9821483697214209
cju5woy82m07m08505dmjg7g1,train,0.975608736195498
cju77q10sz9ug0801449wu1nu,test,0.9515458600078885
cju1gkndf6yi10801o1qnje19,train,0.9393676342931129
cju8apjewqrk00801k5d71gky,train,0.9653331048859191
cju34ymm8d6700799uop0cw33,train,0.936945998616961
cju1ffnjn6ctm08015perkg37,train,0.9696910250122609
cju42wamblrqn098798r2yyok,train,0.9756116479751785
cju2xbk0080y80801eghyddi2,train,0.9682462731790086
cju1amqw6p8pw0993d9gc5crl,train,0.9264812575574365
cju5y84q3mdv50817eyp82xf3,train,0.9284639220894201
cjyzul1qggwwj07216mhiv5sy,train,0.9766912482035897
ck2da7fwcjfis07218r1rvm95,test,0.951203975028666
cju7dsrtb2f8i085064kwugfk,test,0.9572092485103265
cju7dz5yy2i7z0801ausi7rna,train,0.9170705438879914
cju2rz4k434s70855wwx3ddtx,train,0.9662312646722446
cju17otoe119u0799nqcbl8n1,train,0.9882467601687301
cju87li0zn3yb0817kbwgjiz8,train,0.9482735383703065
cju8at3s1qqqx0850hcq8nmnq,val,0.9377704994736227
cju6uzxk0v83p0801rcwnexdu,train,0.9769861005161533
cju34m7h536wq0988xz7gx79v,train,0.9424722757955641
cju8c82iosagu0817l74s4m5g,val,0.9744931483937255
cju8c5mxls96t0850wvkvsity,train,0.9541198049910702
cju3y79ofj3va0871uqfb1mzo,train,0.9650280674779884
cju42m60jlpcm08186kqppzqv,train,0.9612893783615675
cju326h4v1gxw08352px40p7r,train,0.9744971149861328
cju5ktjwofed70817eg58ef7u,train,0.9533263285959188
cju2m71z2ywwv080131bcrsd3,train,0.9351277268054974
cju2sggy13na70855tbeoqgha,test,0.9681081787300758
cju85rkbnlo1c08503uxcpax1,train,0.971420975674598
cju2xs6na81t20878pt6nkfip,train,0.9503265641172062
cju6vucxvvlda0755j7msqnya,train,0.9229857429784992
cju2rqo702wpx0855fn7d5cxh,test,0.9349670122525919
cju310f6val1v0855xo8tc3gu,train,0.9837342473087238
cju1hyolc7aqu0878rrkfn1lr,val,0.9672484185024003
cju6z7e4bwgdd0987ogkzq9kt,test,0.9560531198532324
cju1h5w4wxajx0835mc954kxy,train,0.9298032459878502
cju2nd7l7z98o0799gfjvyfmw,train,0.970132730738065
cju84hibuktj80871u519o71q,val,0.959494647506992
cju0s2a9ekvms080138tjjpxr,train,0.9815962086369714
cju87ox0kncom0801b98hqnd2,train,0.9566212607436997
cju3v72v5h1qz0818fggilwtq,train,0.9371540492208124
cju0sxqiclckk08551ycbwhno,train,0.9541970461768555
cju424hy5lckr085073fva1ok,train,0.9675864312542514
cju41nz76lcxu0755cya2qefx,train,0.9720594740500672
cju8bff9nrfi10850fmfzbf8v,train,0.9545768328040867
cju77196iyshb0850ycbto50a,train,0.9675799659937693
cju6ut4l8va6y0755tyw3vfqq,train,0.9178511202119971
cju1ddr6p4k5z08780uuuzit2,train,0.9258218893050354
cju8432cmkgq90871cxe4iptl,train,0.9739374105935608
cju3umoh1geet0817cmpef5am,train,0.9650217269715613
cju1cyjb5qtie0993njqne9m3,val,0.9780068867616319
cju7ap09p1kz10850ldccjebj,train,0.9197838101926776
cju7cl8zm1xcu0817ado0jpas,train,0.9602862082212832
cju5wtdu4m0im0871mix0yvc0,val,0.955807854571517
cju2np2k9zi3v079992ypxqkn,val,0.9523080288777073
cju2hewssldzx0835ep795xu0,train,0.9603986560459058
cju1fr4etsmrr09933u4t4aql,train,0.9792076172614647
cju88msmoo3470817m441j4sg,train,0.9229184156300084
cju8b0jr0r2oi0801jiquetd5,train,0.959502382212811
cju83u9ftk3ni0987qnhlcinv,train,0.9794631792971523
cju2xf8e5y2wm08359vcgk09b,test,0.9843455953261491
cju41kd7yl4nm0850gil5qqwh,train,0.9613850658182908
cju2i6acqvo6l0799u20fift8,val,0.9717862342327025
cju1cfhyg48bb0799cl5pr2jh,val,0.9806425512079716
cju2uy8ox62jo0801g88hh42z,train,0.9506161092345021
cju8adb60qbiu080188mxpf8d,val,0.9479098439607012
cju42nm68lpyo0818xvvqmupq,train,0.9684364290128659
cju5x28nzm7t907558ocq4bt7,train,0.9721926425223129
cju14g8o4xui30878gkgbrvqj,train,0.942741935483871
ck2bxlujamu330725szlc2jdu,train,0.9519296289413368
cju30j1rgadut0801vuyrsnt8,test,0.9282973136740053
cju5bdwa3aatx0818b79i18zf,val,0.9635685539096904
cju2oo0wh0bqy0878biujeyhe,val,0.9662263003703498
cju83h9ysjwe808716nt35oah,train,0.9335130916057617
cju2r6mt2om21099352pny5gw,train,0.9826563769293257
cju77j66ez52p08019xygi0co,train,0.917241032348946
cju6v4szov55u0871qmqz3v8n,train,0.969597788930104
cju2ma647l0nj0993ot4deq2q,train,0.9685356953215912
cju1fuoa4wmc50835qfd11sp9,train,0.9716982878297085
cju5gucasds9d0801019axylx,val,0.9234839518206502
cju41lojblbs307555jdci937,train,0.9542763077074273
cju35740hzm0g0993zl5ic246,train,0.9429710521754203
cju18gzrq18zw0878wbf4ftw6,train,0.939994191112402
cju85a8h8llwm07559wxg4t5w,train,0.9597537633852361
cju7do8c72dbo0801vxfzxdc4,train,0.9390501413693139
cju6xifswvwbo0987nibtdr50,test,0.9677437068425074
cju785htizjzo08017tvlhtg4,train,0.9503269316353429
cju83ipu3jwpx0801z5pvguf8,train,0.9243181705687274
cju7apr0c1qqm0755s7msqot4,test,0.9540372362843047
cju2y40d8ulqo0993q0adtgtb,train,0.9563199279503967
cju2nnqrqzp580855z8mhzgd6,train,0.9254687410330475
cju5eftctcdbj08712gdp989f,val,0.9689098549672828
cju2hdr06v2bq0799mbm3bks1,train,0.9797654336899085
cju5yimthmlv80850zhoc90c2,test,0.9417109655087156
cju2t2ivz43i10878zeg8r1br,val,0.9334276368137212
cju7ekbo32pft0871fv7kzwb9,train,0.9466549101730409
cju422cm8lfxn0818ojicxejb,train,0.9609642743701623
cju1ftaji6isw0855108yqcse,train,0.9591628876979412
cju77vvcwzcm50850lzoykuva,train,0.9515750438881985
cju7dn24o296i09871qfxb8s2,train,0.970613782536135
cju33231uy4gi0993qc7b1jch,train,0.9366652083279718
cju1fmsyf6gxb0801cimx2gle,train,0.9567541805673553
cju2y5zas8m7f0801d34g5owq,train,0.9471177828177688
cju8c6hnxsdvr0801wn0vrsa6,val,0.9023524773294782
cju1dnz61vfp40988e78bkjga,train,0.945026962252846
cju8czvnztbf40871b4m7t78w,train,0.9664861539813483
cju42tauqlo5p08171l3cuo4b,train,0.9476872529390625
cju320gyvbch60801v2amdi2g,train,0.9512801642328698
cju7ey10f2rvf0871bwbi9x82,train,0.9552049512987013
cju2r91dg2k090801bh0xzbxk,train,0.9647744248580818
cju7d2q1k27nf08715zshsckt,test,0.966131882407996
cju32gzs6xo8x0993r8tedbpb,train,0.9613303593118526
cju6xmqd9w0250817l5kxfnsk,train,0.9737945311826102
cju1f15k3w4ct0835cmde6ypo,train,0.9601857028268637
cju2ti1du4idn0878giuozonw,test,0.9469920331221379
cju5fw37edaae0801vkwvocn7,train,0.961151339608979
cju5vi4nxlc530817uoqm2m7a,train,0.9799821530839204
cju15jr8jz8sb0855ukmkswkz,test,0.9807604354056774
cju6ur9l9v9jq0755paud9uka,train,0.8924525013073035
cju2zkpdl9h7t0799ix60teqg,train,0.9392509288081132
cju6vqarjv7yo0987q4b1btk1,train,0.9444944146235311
cju77g99iyxc00817zqi2ppor,train,0.9820976745490757
cju88l66no10s0850rsda7ej1,train,0.9612320469017854
cju2upu4evw7g08358guwozxv,train,0.9442151918080391
cju7awzmu1ncs0871hziy65zx,test,0.963804629313633
cju5klveuff6w0871wbibgh3m,train,0.9254229839595693
cju43eigtm6ev0801mv0m96t1,train,0.9790902858505469
cju6xlygpw7bs0818n691jsq4,test,0.9597618043957334
cju3x7xsaijq80818f0psavav,train,0.9726892354507417
cju35atpxdjot0855q46aqrd0,train,0.9476013680340911
cju31y80qbawn0801twwm2l5s,train,0.9792921998472903
cju7f4sc62xqj075597xpmuoy,train,0.968600453362438
cju16jgnyzp970878melv7r25,train,0.964983888292159
cju5yhgznmkzb0801cji2vi8j,train,0.9341864716636198
cju17bz250pgd0799u1hqkj5u,train,0.9642036753445635
cju7es23b2vcp0755gpbm9s7v,train,0.9736816701915736
cju42romflni20817etb9a0fl,val,0.9336695242897967
cju2zpw4q9vzr0801p0lysjdl,train,0.9345580886202466
cju16whaj0e7n0855q7b6cjkm,train,0.9301767224960465
cju5clr68b48r0755cmuvponm,train,0.9488094126435709
cju33mirdc8mj0799k33wzoes,train,0.976753611929712
cju5i5oh2efg60987ez6cpf72,train,0.9820857128157637
cju0qoxqj9q6s0835b43399p4,train,0.9679704564854668
cju6z600qwh4z081700qimgl9,train,0.9355898784094644
cju43b8daly4408170e5ev06g,train,0.9737974632248653
cju1dfeupuzlw0835gnxip369,train,0.9684897767700067
cju41p90plcsx08018cnzpndc,train,0.9202339472374316
cju77u1sjz77b0817ft44r3fk,train,0.9481618864675101
cju8c5zcbsdfz0801o5t6jag1,train,0.893347169376225
cju1cvkfwqrec0993wbp1jlzm,train,0.9503358582249536
cju2yv4imv6cz099314jveiib,val,0.9584048446286296
cju85fc11ljr40818edpb0inh,val,0.9816973664924024
cju6z2616wqbk07555bvnuyr1,train,0.943366292798111
cju5u8gz4kj5b07552e2wpkwp,train,0.9675197405085881
cju1dia8hvc6v098827mgffnm,train,0.9445848441563198
cjyzu3reghjya0794w7pwoi50,train,0.9595675633020645
cju2wx0gh7fpz0878wwyd9ep8,train,0.9605168331102646
cju1dhfok4mhe0878jlgrag0h,train,0.9437458958581608
cju3518w2d838079939fqztbc,train,0.9578918039564628
cju7amjna1ly40871ugiokehb,train,0.9644098898976241
cju35oyvd3y850988km12hdz1,train,0.9541955931180199
cju1b75x63ddl0799sdp0i2j3,train,0.9601706613125863
cju35ldepdtlm0801yv79y8vu,train,0.933137266670668
cju8chdlqsu620755azjty1tj,train,0.9591428985087592
cju2lejzcy4pc0878c9rlonot,train,0.9732794013857374
cju2y0z6g87p10878fpk5d3rq,test,0.9774660841572775
cju5x00l6m5j608503k78ptee,train,0.9680270455399165
cju3tx1qyg0c907552fglumhc,test,0.964387003445191
cju2i03ptvkiu0799xbbd4det,train,0.962818457497151
cju7dubap2g0w0801fgl42mg9,train,0.9407321830084846
cju2nqapmzvk20801f9us40dx,train,0.9616315622295972
cju6vrs1ov8cr098788h8gs6j,train,0.929161102343086
cju7d7aut2a2p0818z4uxc6cd,val,0.9130434782608695
cju0rx1idathl0835detmsp84,train,0.9503058744657672
cju8djdqztu6408506pzhlo18,train,0.9636693443897383
cju77t0razbvm080106o56289,val,0.9695455676880123
cju7ejm2l2ncl0801wq6y84nw,val,0.9590875707435089
cju2s2527pfyr0993l3h1149a,train,0.9260077305356157
cju5bycdkalkb09875f7bfrvx,train,0.9672937020614355
cju45rj7ln8980850a7821fov,test,0.9533303389020097
cju8cj10qsrau0871o2dr6ai1,train,0.9474505047004289
cju2omjpeqj5a0988pjdlb8l1,val,0.9785451715563767
cju7er4kc2opa0801anuxc0eb,train,0.9664536458425534
cju3uwz6ogsp10801h2r3bj5l,val,0.9444333444333445
cju8b1v3br45u087189kku66u,train,0.9803568231994749
cju2hfqnmhisa0993gpleeldd,train,0.8623117223313687
cju88trl3ogi208716qvti51b,train,0.9389906922629436
cju40jl7skiuo0817p0smlgg8,val,0.9586766502709985
cju8brv16rx7f0818uf5n89pv,train,0.9409486931268151
cju45ty6zn9oz0850qy4qnck1,train,0.962088011046407
cju7f9umg2olj0987fj5y285w,train,0.9705342418868041
cju3521y5d5mq0878t3ezsu4p,train,0.9335872048743336
cju14hjh2ob2o0835ouz3r5aa,train,0.9598205180501733
cju353d1eda8c07992afde611,train,0.9700185725656673
cju40sdwukv3k0755y99ug1k8,train,0.9647347161076567
ck2395w2mb4vu07480otsu6tw,test,0.9817736488102642
cju2t16vuucaq0835xcpsivn2,train,0.951714357601958
cju6v6g6kvdw007552x6mb0po,train,0.9645320756861185
cju5wrrs0m2af0818vmnajbtw,val,0.9210611243787516
cju8b3ka8r64u0801fh18hk7l,train,0.925730673527055
cju32zhbnc1oy0801iyv1ix6p,val,0.9699371331525787
cju8bssulrrcy0987h1vq5060,train,0.9740068200392669
cju2suk42469908015ngmq6f2,train,0.9672958448027265
cju33jon3ygbj0993pu22a4k6,train,0.943766652643388
cju40r6jrksyk0871wg98zgho,val,0.9551930467797619
cju2yw4s7z7p20988lmf2gdgd,test,0.9668840301751694
cju88oh0po9gq0801nge4tgr1,train,0.9475614228089475
cju2trtjf4qjd0878a2zle9v9,train,0.8766297734252767
cju1fb9236a110801yvg0fwju,val,0.9783821831280737
cju7dwe282dc309876rco45ts,train,0.96540047043431
cju336l68y7if0993wf092166,train,0.9574729273532377
cju323ypb1fbb0988gx5rzudb,val,0.8742398460665848
cju2zdhsczmn50988z64qwg2q,test,0.9586177569884291
cju5huurrecm70801y680y13m,train,0.9636231733858431
cju8bi8q7rlmn0871abc5ch8k,train,0.9442691903259727
cju412uwlkva50850d1ps1ww7,train,0.9826417348793665
cju5o4pk9h0720755lgp9jq8m,train,0.9793026151930262
cju34fojcctcf0799ebolbvkn,train,0.926381339384664
cju5uzmaol56l0817flxh4w9p,train,0.9273268540408021
cju428k5fldt108177s6g6f45,train,0.9727419629188637
cju35fxqyzt5p0993vusm54qz,train,0.964479975223089
cju8c9akjsdjj0850s67uzlxq,train,0.9703166410935974
cjyzurzvohqnr0794es1itzek,train,0.9748800221622899
cju77k828z46w0871r0avuoo9,train,0.9620678290619752
cju32jcdabepz0878d0cznmfe,test,0.9747788082293999
cju7fcgbe2z3p07550vaflqdb,train,0.9646264354086037
cju88evxanv9r08176zkeovec,test,0.9559297659638624
cju0qkwl35piu0993l0dewei2,train,0.9685809382351984
cju76l27oyrw907551ri2a7fl,train,0.9631966989289723
cju7b2l561oas0871decgslaf,train,0.9590153102641068
cju1h89h6xbnx08352k2790o9,test,0.9531225170824726
cju88gx09o2vk0818610zody3,train,0.966017706454355
cju410dnfl0960755y8lu8d79,test,0.9397312433123497
cju5bhv81abur0850ean02atv,train,0.9699369273974495
cju1ats0y372e08011yazcsxm,train,0.967555946447767
cju84gpefknwm098714oq8q61,train,0.9586946386946387
cju5o1vu9gz8a0818eyy92bns,train,0.9693187474958416
cju5vxuc5loxw0818u8xgf45p,train,0.959873853686875
cju787jnjzjuj0871p94nck9g,train,0.9647823352665782
cju2lberzkdzm09938cl40pog,train,0.973495253595705
cju5hqz50e7o90850e0prlpa0,test,0.9707737103529888
cju1cu1u2474n0878tt7v4tdr,train,0.9146685472496474
cju2wzu8wxtgu09880ku9x1pg,train,0.9749288237590578
cju6wuojavt740818b5qcv3iw,train,0.9596526036901947
cju2qdj95ru8g09886gfi9rsz,train,0.9823602046216264
cju2lyynuymli0855g7fxgbhe,train,0.9317565217391305
cju1egx9pvz2n0988eoy8jp23,train,0.9356449637237351
cju2yo1j1v0qz09934o0e683p,test,0.9795466951465528
cju7f0ec32txj08184asb8w5f,train,0.9513846153846154
cjz14qsk2wci60794un9ozwmw,test,0.9783373004607692
cju8bpctzrqkr0850zeldv9kt,train,0.9461301964977944
cju42xpi8lw4w0871ve317a1p,train,0.9567342046423715
cju85plp7lmkw0850rx42jdpf,train,0.9771018803349155
cju886ryxnsl50801r93jai7q,train,0.965317577548006
cju84ffdzkrjn08183jh1fxmb,train,0.9429139449020165
cju1c6yfz42md08550zgoz3pw,train,0.9795889191419678
cju5wphwwlu3m0987hh3ltg88,train,0.918992027334852
cju3uhb79gcgr0871orbrbi3x,train,0.8069051199895377
cju1gi7jlwyld0835cdf6g6qz,train,0.9407572091806709
cju7787c5yy3l080159mwqsnj,val,0.947744290777307
cju5wcc90lu020850mjrxppv6,train,0.9638577529611765
cju7ez7r22qbc08015xfoz2wb,train,0.9763421078567104
cju5wqonpm0e60801z88ewmy1,train,0.9443290402991276
cju40wto5kxwi0755it190f2k,train,0.9483476661798907
cju3yht87j83m08507yk1u1fg,train,0.9798009831140698
cju7d5m0p23kn09871rk7pu3v,train,0.9818569624070667
cju6v5ilsv8hk0850rb5sgh6o,test,0.9094445866393652
cju6uy20suzbl0987rzuhz7z9,train,0.9679909733357088
cju3xvoo2iqlc0817eku2r3wl,train,0.9390665878977129
cju8dn0c3u2v50801k8rvq02f,train,0.9848973212117466
cju2qh5le1ock0878oahaql7d,test,0.9719783318965975
cju33w4sdcivk0855x879zht7,train,0.9612590327418632
cju35c4wzdhow0799h6eq4sgs,train,0.9639215080346106
cju30ia8da2bq0799klnehml2,train,0.9480856586632057
cju6wll7wvo3y08502pagos8m,test,0.9638254505769632
ck2bxiswtxuw80838qkisqjwz,train,0.973660803552344
cju7b5afm1nfw0801xqm8bf8q,train,0.9503256646073854
cju88nroho44508500129f1nh,train,0.9260890264222804
cju5fu081d8gc0818l3yylujk,train,0.9389901404242605
cju2r11x7sdgx0988o8ule0wl,train,0.9673903527969885
cju7eotqi2qea0871y8yc7tqh,train,0.9544884857446847
cju88y1mwoln50871emyfny1g,train,0.9634067470721902
cju34o6dbd2lo0855aqlcy1hs,train,0.9548759545471154
cju300m3s04fg0988uzupuf7z,train,0.9747101569383501
cju2rkjfwoxys0993x768l1j2,val,0.9743555346882197
cju2z45kuzf6d0988nz2c819m,train,0.9247099481609479
cju88k75inzyb0850ccv5x3vk,train,0.9699739460983214
cju2uwz9f5yf1085506cfamfx,train,0.9833272064811238
cju8d4jgatgpj0871q2ophhkm,train,0.9711756270911698
cju76lsehyia10987u54vn8rb,train,0.9518004950363292
cju7da88w2eod0755wejzynvt,train,0.9353955521398722
cju43kj2pm34f0850l28ahpni,train,0.870213312773066
cju8azmhcr66e0755t61atz72,train,0.9733559544236442
cju33o12x2jm50988944mxq0v,train,0.9407208274479427
cju5thdbrjp1108715xdfx356,train,0.9141858659073259
cju5wi6bqlxy90755bu227nvb,train,0.9633674784614341
cju32upim1z7u0988l883nqp6,train,0.964478343775538
cju5von04litr08718j8po40a,val,0.9542951258428123
cju8cgi2kspp308011nxdtjp6,test,0.9343829302397846
cju426tomlhll0818fc0i7nvh,train,0.9615993882121593
cju2hos57llxm08359g92p6jj,train,0.9701294316263365
cju30525w04r10835ygp257sb,train,0.9699066394957585
cju30bmab08bi0835mvlr6e0r,train,0.9603071784225888
cju43h43am1dy08176gwfhmnt,train,0.945479173721639
cju7dmlgf2ebw0871ieqas5fh,train,0.9358855430284002
cju31w6goazci0799n014ly1q,train,0.9644778334260805
cju2zdvjn9h7r08553cp4eed5,train,0.9413365735115431
cju5vbo6jldrt0871jf6f1700,train,0.964331739763043
cju8abobpqbir08189u01huru,test,0.9815245617831638
cju88z8bson4h0871nnd7fdxo,train,0.9595610779409391
cju2rmd2rsw9g09888hh1efu0,test,0.8941823179111315
cju40w3hbkwpn08015rbs3wko,train,0.9455483637351197
cju430pm2lz0y0755jkhcc3d1,train,0.9561319494667162
cju3wstckialg0871xs0vevsj,train,0.9800691314103211
cju7d4jk723eu0817bqz2n39m,train,0.9658178089215519
cju88v2f9oi8w0871hx9auh01,train,0.9206684721580025
cju2zr3c3vwb00993jn06bbaz,train,0.9396171787035548
cju843yjskhq30818qre4rwm2,train,0.9162146341463414
cju7dtb1e2j0t0818deq51ib3,test,0.9708883694295022
cju7b9vcs1luz0987ta60j1dy,train,0.9428839594350205
cju5jz5fff8c50871hbe6108f,train,0.9666169250024068
cju2nsmwjlzyl0993jl80chvz,val,0.9644489287198054
cju3xhpvvimda0987ygrpzni2,train,0.9613148517552385
cju5wkonqlrl409877y8zvnub,train,0.965379795307387
cju88cddensj00987788yotmg,test,0.9489436145875387
cju893jmdompz0817xn3g1w4h,test,0.9715265990759987
cju2tvrvm53ws0801a0jfjdxg,train,0.9631123413955935
cju30xqmh0ni00835ix3batv1,train,0.9671167735857521
cju3tvffffx5f0818t5ov22al,train,0.9582087930003804
cju8bw697rwg308177tg8huas,train,0.969852209486603
cju2spdagu1l50835da1f46fr,train,0.9339976275207592
cju1fj6axwfp30835ukhuzhw9,train,0.972610981766814
cju2hx006vidl0799igm81vmh,train,0.9320929130125623
cju5k3j3uf6de0817hszzfr7n,train,0.9204624049007015
cju1819curo000988pd5xcqme,train,0.9588130107733459
cju2qs32r1vys07999conmbvx,train,0.9124825986078886
cju2r2obh2bjm08553kng0rh7,train,0.9674217907227616
cju7dhpsc2dnn0818025m6857,train,0.9771262548013846
cju5es375cnzy0801nkq35ffs,test,0.9391838399347456
cju8c5223s8j80850b4kealt4,val,0.9478812313636554
cju7frtqu2xa20818wq8r9fzf,val,0.9714300475304815
cju5uxjnol2r509871qv2yeia,train,0.9364933614592381
cju5hyi9yegob0755ho3do8en,train,0.9391650788151741
cju5hwonqedw10801vsd3w6kk,test,0.9667685076380729
cju8aj01yqeqm0850lhdz3xdw,train,0.9656767548931899
cju2yi9tz8vky0801yqip0xyl,train,0.9736945841790957
cju5uget8krjy0818kvywd0zu,train,0.939147903239307
cju2hjrqcvi2j0801bx1i6gxg,train,0.8780439320147103
cju5ymyd8mmdc0801ry3by1xr,train,0.9059985369422092
cju3v11mrgwwb0755u242ygye,train,0.9509499207541733
cju85hguellg50818kwu3s8d1,train,0.9813968443535978
cju5bwhapakm90987c1v4z46a,val,0.9326663061114115
cju5k503sfa5f0871lx0rpu5y,train,0.9612748325136506
cju5f26ebcuai0818xlwh6116,val,0.9639326743254074
ck2bxw18mmz1k0725litqq2mc,val,0.9010632765736162
cju6vvb8svhed0801jjcquh5e,train,0.8907736863880844
cjyztzaqtrv430848l8xgcerw,train,0.9680386350067682
cju2trbpkv0c00988hxla5dzz,train,0.9673083654182709
cju2qz06823a40878ojcz9ccx,train,0.9603594695207073
cju3y0pjrj1c30755nxekxccj,train,0.9503467168906772
cju33belnbyhm0878yxl42233,train,0.8926053372476358
cju8402x1kcy70801t6kz6bdi,test,0.9712358351760869
cju5ddda9bkkt0850enzwatb1,train,0.9294180554317797
cju31t8xd17bk0835rnb893jk,train,0.8474320241691843
cjyzjzssvd8pq0838f4nolj5l,train,0.9234815367665352
cju5ukkg6kv7u08011x2b6zl5,train,0.9713455109259169
cju7bduyq1rjf08719giru9ho,train,0.9693207687013606
cju2nbdpmlmcj0993s1cht0dz,train,0.9656093914039385
cju3y54kwj3nr0801biidlb4e,train,0.9342836960798722
cju2ycp1u8g2r0799jslnp7cz,train,0.9575827151772047
cju2z1nxlzaj40835wj81s1iy,test,0.9685876790241896
cju7d1tvt25bu08019dvw3uff,train,0.9807187664749403
cju34eqjpcpm508788b3lhp97,train,0.9628676843922418
cju45qbf3n9sa0987oonbkly9,train,0.9439145223306714
cju2x7vw87mu30878hye2ca0m,train,0.9737887185008884
cju15ptjtppz40988odsm9azx,train,0.9391118026681632
cju43c92lm5cj0755lorsorfg,train,0.8977345546383203
cju7fen322ou10817ziqkob4k,train,0.9347422201579192
cju5w7xn0lrkq0801f9k0htgx,train,0.9264015557939914
cju33x0f22peh0988g0ln7w5v,val,0.9402090919769764
cjyzufihqquiw0a46jatrbwln,val,0.9650572811219199
cju5fs6j6d8350801vglraq4u,train,0.9733350575455839
cju7cq6su27qv075574dir0r3,train,0.9615127919911012
cju88rl5eo94l0850kf5wtrm1,train,0.9737677920244677
cju17z0qongpa0993de4boim4,train,0.963043915906934
cju35a77vdj4n08556jj2lgmc,train,0.9759246016465886
cju8567gdlcbq0801dwwyo2jt,train,0.9798734399718756
cju1egh885m1l0855ci1lt37c,train,0.8976227777399359
cju16d65tzw9d0799ouslsw25,train,0.9464195874559785
cju3yb47cj1xq0817zfotbni4,train,0.9563358708821983
cju2i3hzclw3o0988rrgh911i,train,0.9791564006563473
cju2p4ddkmzxj0993p94o62av,train,0.9681850507167721
cju5bbtwsa8cl0987wgfsqpao,train,0.9496508636530687
cju5vutu7ll8w0871dfp92n9p,test,0.9664587898196528
cju2ricdv2iys0878sv1adh0u,train,0.9653233673171193
cju5jx7jzf7c90871c2i9aiov,val,0.964421134696481
cju8arof2qpf20850ifr1bnqj,train,0.9709013631887213
cju2nguelpmlj0835rojdn097,train,0.9771664269316136
cju1c4fcu40hl07992b8gj0c8,train,0.9458125406812757
cju1gv7106qd008784gk603mg,test,0.9681172771513828
cju888fr7nveu0818r9uwtiit,train,0.9561563385986229
cju2rzpsmtb0f0835jabkbao1,train,0.9166365932876218
cju5tgbzhjllu08174ca41eus,val,0.9506176800898444
cju5hi52odyf90817prvcwg45,train,0.9658405261479969
cju3xwpgviwlx0871rwm15q7v,train,0.9557025205889693
cju87q6yoneim0871dl4phvkd,train,0.9657487349910656
cju1fm3id6gl50801r3fok20c,train,0.8577014724751023
cju18849rrsgr0988p90hkygb,train,0.9726069314175481
cju3280wv1ir009882jze27tc,train,0.9726075090690596
cju5nyu31gv8e0871zpk74a2n,train,0.9480089200382288
cju2rnkt22xep0801as160g9t,test,0.8998609179415855
cju6yxyt0wh080871sqpepu47,train,0.9467440249393835
cju89y9h0puti0818i5yw29e6,train,0.9663261056236278
cju2htabevq9108015qjei0x7,train,0.9751689348673473
cju85qefyln6v0850szeb9byi,val,0.9799303208542212
cju7dymur2od30755eg8yv2ht,train,0.9455115554970838
cju5ccpvqash50850kb4bs22k,train,0.9611329973369721
cju7el6xv2k520817qxx9wdr5,train,0.9728355691127364
cju8aw9n1qyg10801jkjlmors,train,0.9711792532620932
cju175facms5f0993a5tjikvt,val,0.9763778492205939
cju32a52lb9rc0799xi40qs00,train,0.9706457418845252
cju2hugv9vget0799hhk7ksvg,train,0.903269887750122
cju6xa0qmvzun0818xjukgncj,train,0.9591332169866201
cju334jzo261t0835yqudnfs1,train,0.9816554064289393
cju42dwedlmk60871jbgu4ehi,test,0.9713927790138923
cju7fmvpk2q170987v6i3ola8,train,0.9741279189489724
cju33za6l2qy70988jhrlp2ev,train,0.9313814711770977
cju1cqc7n4gpy0855jt246k68,train,0.943528279602817
cju2zo0fwzv580988qlijd2xa,train,0.945624577617856
cju884985nlmx0817vzpax3y4,val,0.9051972236329778
cju7cue9b232j0801qdzk1ykj,test,0.8955371210539305
cju2z6ez69g4u0801qwt088lw,train,0.9814740233588402
cju41z76wlgbz0801qdetlvby,train,0.9157559660185317
cju7ff97z2ow40817u2r83my5,train,0.9227712137486573
cju7d3oc82cho0755dajlwldz,train,0.9523108413832729
cju2xwm1s84l50799i60mq0pu,train,0.9571334771597411
cju32srle1xfq083575i3fl75,train,0.9327333129137902
cju7arvfe1ldu0850erdmphgj,val,0.9665116744162792
cju7epwj82koz098713apjnzo,train,0.9658471091717714
cju7ea4om2l910801bohqjccy,train,0.9609583418838498
cju8c2rqzs5t80850d0zky5dy,val,0.9700251769512137
cju5k7r0yf98c09878csbxb4d,train,0.924066719618745
cju8b6rp0r5st0850184f79xt,val,0.9694292390921604
cju89z6pqpqfx0817mfv8ixjc,train,0.9111822364472895
cju43o6n7m9nk087191ijwqq9,val,0.9528870680992502
cju5ufn3skquf0818dhapnhba,train,0.9282119205298013
cju2zwg05a0oy0801yr73ig7g,train,0.9752240937095111
cju17r8il13910799dr2wme2e,train,0.9262741217219198
cju5udcufki0s09874ll1dbr5,train,0.9708894927700878
cju2qfie4rvz508357kad9z5o,train,0.9524672200525667
cju2p91qir00k08350ddfif0w,train,0.9734786002783151
cju1gghyjwxt80835vx0wgxw0,test,0.9664180993642367
cju7f900s2o0k08175gl1giid,train,0.9677904602897784
cju5tenjojp1j0755ms4949h2,train,0.9698417888673693
cju6wi3akvn8r0801px8eligc,train,0.9823014349012223
cju7atnm31if40817pqclnjer,train,0.9586336898142447
cju5yclrymlgj0818k426ud6z,train,0.944184930115766
cju7fpfzq2wyf0818xxd1oziv,val,0.9685093122806454
cju7fq7mm2pw508176uk5ugtx,train,0.9705742762221168
cju8bqxxurs6i0850mu7mtef9,train,0.965110142971099
cju77re6fz5bb0817vp9redjg,train,0.9442111029948868
cju5fydrud94708507vo6oy21,train,0.9695177196222602
cju84jdl9kv0i0871eog9b3i9,train,0.972790737272263
cju8a2itsq4dv0755ntlovpxe,train,0.9530162171176054
cju32fhnhbds40799broyoptc,train,0.946039930451466
cju1euuc65wm00799m4sjdnnn,train,0.9419349218103411
cju6x4t13vyw60755gtcf9ndu,train,0.9748770533177576
cju8clorgsuwn08714toqb7v6,train,0.9620454605734292
cju7flevb2wii08188otgs9p2,train,0.9859846629996054
cju5xkwzxmf0z0818gk4xabdm,train,0.9634567381719762
cju87mrypnb1e0818scv1mxxg,val,0.9424271917346709
cju2mfjndoz700988b9lc3zeq,test,0.9648621201468636
cju890guyoiti098753yg6cdu,train,0.9585057426814648
cju2hw5gjlr5h0988so2qqres,train,0.9675959748309099
cju30u1hbakn808019g15nb8b,train,0.9499187162410194
cju2ueb6j5ado0878vf5md13o,train,0.9558188062896663
cju5cjh3xattc0817j2vbulzi,train,0.9230916762562332
cju8cbsyssiqj0871gr4jedjp,train,0.9710239876785858
cju87vqa0ndwg0850onjdz7ol,train,0.9860530265132567
cju2qozsk20cq0855ugrg3cri,test,0.9684740447305439
cju85mpuglq8k0818d2it6hzb,train,0.9598920908235569
cju31rb7vb6110801p9rhacuw,train,0.9433962264150944
cju5vgawslbe30987ndeepc1b,train,0.9664014799289555
cju783tmkzkqu081803g7q5vk,train,0.9674329501915708
cju6x0yqbvxqt0755dhxislgb,train,0.9578628165380525
cju7aez2x1jtj0871ztezs3oi,test,0.9320409496841646
cju774fmayxif0818u2g79usw,train,0.9506766058024467
cju8aqq8uqmoq0987hphto9gg,test,0.9693470162758713
cju1b3zgj3d8e0801kpolea6c,train,0.9502104967723828
cju2z9vlp9j0w0801oag91sy9,train,0.9603278325395946
cju2tpfa5uyx408359datxqqj,val,0.9354813867882391
cju8bop5jrsid08716i24fqda,train,0.9463343108504398
cju7bb3ss1uoo0755pmhyco7t,train,0.9554022157724147
cju8dqkrqu83i0818ev74qpxq,train,0.9874853180195388
cju7dbppn28nx085097654msi,train,0.9734183549603381
cju3xiic0ilzp0850lusrb42j,train,0.9329310744952425
cju1c8ffau5770835g0g343o8,train,0.9215948853082206
cju5xneamme2p0801qdf7fdwv,train,0.9419641601260303
cju8ashhnquqr0801rwduzt7d,test,0.9681746552487985
cju5fi0yxd3ei0801v7u0yudn,train,0.9267682036302942
cju303j5r062k098835zxfds5,train,0.9688150421561365
cju8ca4geseia0850i2ru11hw,train,0.9471858527461317
cju5cu8qkb84x08186jwo8yin,train,0.9472110064303874
cju2phaksnahz0993yxogjcpv,train,0.9407322068612392
cju7ev2b12owa08500bpfpwyw,train,0.9591510439525989
cju2ulk385h170799rlklxob0,train,0.966354659840076
cju885ikhnmkn09878s2lqtuh,train,0.9540836921420882
cjyzu9th0qt4r0a46pyl4zik0,train,0.9532307804602106
