image_id,file_name,dice,pred_data
1,cju32qr9tbvsj08013pkpjenq.jpg,0.17367154780645735,"{'height': 546, 'width': 615, 'bbox': [{'label': 'polyp', 'xmin': 0.7879207730293274, 'ymin': 0.8764786720275879, 'xmax': 614.4044189453125, 'ymax': 544.67236328125}]}"
2,cju8aqq8uqmoq0987hphto9gg.jpg,0.5320993830248457,"{'height': 546, 'width': 626, 'bbox': [{'label': 'polyp', 'xmin': 1.154001235961914, 'ymin': 1.6587257385253906, 'xmax': 624.922119140625, 'ymax': 544.4874877929688}, {'label': 'polyp', 'xmin': 234.8634490966797, 'ymin': 84.44511413574219, 'xmax': 559.8486938476562, 'ymax': 544.6281127929688}]}"
3,cju2xf8e5y2wm08359vcgk09b.jpg,0.787440643330736,"{'height': 530, 'width': 571, 'bbox': [{'label': 'polyp', 'xmin': 248.46807861328125, 'ymin': 128.84347534179688, 'xmax': 570.3748779296875, 'ymax': 528.3368530273438}, {'label': 'polyp', 'xmin': 0.7177823781967163, 'ymin': 1.5228023529052734, 'xmax': 570.756103515625, 'ymax': 528.771240234375}]}"
4,cju1hs0za7jha0855vj0mdrjt.jpg,0.3215697707280359,"{'height': 531, 'width': 571, 'bbox': [{'label': 'polyp', 'xmin': 0.3340291678905487, 'ymin': 0.2799290120601654, 'xmax': 570.7583618164062, 'ymax': 530.8439331054688}, {'label': 'polyp', 'xmin': 186.35610961914062, 'ymin': 185.23870849609375, 'xmax': 431.9921875, 'ymax': 494.3052978515625}]}"
5,cju88fpm4o0tl0871w1i6a4ds.jpg,0.05163686865729082,"{'height': 423, 'width': 611, 'bbox': [{'label': 'polyp', 'xmin': 1.1132934093475342, 'ymin': 1.2336983680725098, 'xmax': 609.9502563476562, 'ymax': 421.4063415527344}]}"
6,cju32jcdabepz0878d0cznmfe.jpg,0.3136153841060041,"{'height': 530, 'width': 622, 'bbox': [{'label': 'polyp', 'xmin': 1.2671366930007935, 'ymin': 1.2524511814117432, 'xmax': 620.708740234375, 'ymax': 528.276123046875}]}"
7,cju41s6nbleqy0755e2mslg0b.jpg,0.2403008149927837,"{'height': 530, 'width': 561, 'bbox': [{'label': 'polyp', 'xmin': 1.2911494970321655, 'ymin': 1.2100251913070679, 'xmax': 559.4248657226562, 'ymax': 528.5921630859375}, {'label': 'polyp', 'xmin': 202.11428833007812, 'ymin': 114.7095718383789, 'xmax': 544.1911010742188, 'ymax': 528.728515625}]}"
8,cju2yo1j1v0qz09934o0e683p.jpg,0.5873431868346791,"{'height': 546, 'width': 626, 'bbox': [{'label': 'polyp', 'xmin': 1.0280342102050781, 'ymin': 2.5657145977020264, 'xmax': 624.9152221679688, 'ymax': 544.2880249023438}, {'label': 'polyp', 'xmin': 280.8564453125, 'ymin': 81.10430908203125, 'xmax': 554.8876953125, 'ymax': 543.003662109375}]}"
9,cju3tx1qyg0c907552fglumhc.jpg,0.19261644254723992,"{'height': 529, 'width': 622, 'bbox': [{'label': 'polyp', 'xmin': 0.743335485458374, 'ymin': 1.2400455474853516, 'xmax': 621.4877319335938, 'ymax': 527.6331787109375}]}"
10,cju2qozsk20cq0855ugrg3cri.jpg,0.2168365341787408,"{'height': 546, 'width': 626, 'bbox': [{'label': 'polyp', 'xmin': 1.2342790365219116, 'ymin': 1.305410385131836, 'xmax': 624.9166870117188, 'ymax': 544.3811645507812}]}"
11,cju77b3wyz4160755qis4ljsb.jpg,0.11607540962316833,"{'height': 530, 'width': 571, 'bbox': [{'label': 'polyp', 'xmin': 0.28265446424484253, 'ymin': 0.1607796549797058, 'xmax': 570.9990844726562, 'ymax': 530.0}]}"
12,cju2rqo702wpx0855fn7d5cxh.jpg,0.07517060288463709,"{'height': 529, 'width': 621, 'bbox': [{'label': 'polyp', 'xmin': 0.8834431767463684, 'ymin': 1.3410704135894775, 'xmax': 616.2503662109375, 'ymax': 527.67626953125}]}"
13,cju77q10sz9ug0801449wu1nu.jpg,0.2684974388161639,"{'height': 528, 'width': 608, 'bbox': [{'label': 'polyp', 'xmin': 1.1267443895339966, 'ymin': 1.3821072578430176, 'xmax': 607.1136474609375, 'ymax': 526.4681396484375}]}"
14,cju45rj7ln8980850a7821fov.jpg,0.22360644558381532,"{'height': 546, 'width': 585, 'bbox': [{'label': 'polyp', 'xmin': 0.8192405700683594, 'ymin': 1.1572694778442383, 'xmax': 584.2191162109375, 'ymax': 544.3710327148438}, {'label': 'polyp', 'xmin': 57.512725830078125, 'ymin': 109.27774047851562, 'xmax': 153.43328857421875, 'ymax': 223.1799774169922}]}"
15,cju2y8s56ymqr083541ggdsml.jpg,0.2266284844310726,"{'height': 530, 'width': 615, 'bbox': [{'label': 'polyp', 'xmin': 1.633411169052124, 'ymin': 1.3191386461257935, 'xmax': 614.122314453125, 'ymax': 528.4185791015625}]}"
16,cju2oi8sq0i2y0801mektzvw8.jpg,0.9805081521800301,"{'height': 1070, 'width': 1348, 'bbox': [{'label': 'polyp', 'xmin': 3.5320165157318115, 'ymin': 3.629706859588623, 'xmax': 1344.862060546875, 'ymax': 1064.7210693359375}, {'label': 'polyp', 'xmin': 658.6806640625, 'ymin': 112.84081268310547, 'xmax': 1096.0797119140625, 'ymax': 554.0346069335938}]}"
17,cju5es375cnzy0801nkq35ffs.jpg,0.1649750890486245,"{'height': 528, 'width': 621, 'bbox': [{'label': 'polyp', 'xmin': 1.7238385677337646, 'ymin': 1.9651751518249512, 'xmax': 619.6028442382812, 'ymax': 526.2189331054688}, {'label': 'polyp', 'xmin': 117.88597869873047, 'ymin': 184.43199157714844, 'xmax': 273.1983642578125, 'ymax': 373.1510009765625}]}"
18,cjz14qsk2wci60794un9ozwmw.jpg,0.3241999100258414,"{'height': 576, 'width': 720, 'bbox': [{'label': 'polyp', 'xmin': 42.90800857543945, 'ymin': 14.471381187438965, 'xmax': 673.64208984375, 'ymax': 562.9673461914062}, {'label': 'polyp', 'xmin': 301.3485412597656, 'ymin': 15.40194034576416, 'xmax': 616.74072265625, 'ymax': 495.1697692871094}]}"
19,cju2qh5le1ock0878oahaql7d.jpg,0.3340113026159292,"{'height': 530, 'width': 622, 'bbox': [{'label': 'polyp', 'xmin': 1.1327617168426514, 'ymin': 1.3672983646392822, 'xmax': 621.0303955078125, 'ymax': 528.2796630859375}, {'label': 'polyp', 'xmin': 300.71820068359375, 'ymin': 199.1892852783203, 'xmax': 540.2742309570312, 'ymax': 505.3218994140625}]}"
20,cju5x15djm7ae0755h8czf6nt.jpg,0.07928472769278051,"{'height': 531, 'width': 622, 'bbox': [{'label': 'polyp', 'xmin': 2.10699462890625, 'ymin': 1.7349933385849, 'xmax': 620.3978881835938, 'ymax': 529.1532592773438}]}"
21,cju2iatlki5u309930zmgkv6h.jpg,0.492915687546856,"{'height': 522, 'width': 621, 'bbox': [{'label': 'polyp', 'xmin': 0.6251561045646667, 'ymin': 0.8124234080314636, 'xmax': 620.1609497070312, 'ymax': 521.0172119140625}]}"
22,cju2qtee81yd708787bsjr75d.jpg,0.24138892978636023,"{'height': 530, 'width': 511, 'bbox': [{'label': 'polyp', 'xmin': 0.1553204357624054, 'ymin': 0.17043054103851318, 'xmax': 510.9508361816406, 'ymax': 530.0}, {'label': 'polyp', 'xmin': 293.3338928222656, 'ymin': 0.35022762417793274, 'xmax': 510.7369384765625, 'ymax': 530.0}]}"
23,cju84aoa3ktwn0755pfl4gfwd.jpg,0.6030238024894347,"{'height': 547, 'width': 626, 'bbox': [{'label': 'polyp', 'xmin': 1.0430151224136353, 'ymin': 1.5211926698684692, 'xmax': 625.0831909179688, 'ymax': 545.3148193359375}]}"
24,cju1hirfi7ekp0855q0vgm9qq.jpg,0.11216199566600715,"{'height': 529, 'width': 605, 'bbox': [{'label': 'polyp', 'xmin': 0.6981552243232727, 'ymin': 0.9301602840423584, 'xmax': 604.8756103515625, 'ymax': 527.8932495117188}]}"
25,cju7awzmu1ncs0871hziy65zx.jpg,0.10093503890480378,"{'height': 527, 'width': 592, 'bbox': [{'label': 'polyp', 'xmin': 37.902015686035156, 'ymin': 2.300903081893921, 'xmax': 591.4777221679688, 'ymax': 525.4628295898438}]}"
26,cju2rnkt22xep0801as160g9t.jpg,0.07222776368662544,"{'height': 454, 'width': 558, 'bbox': [{'label': 'polyp', 'xmin': 0.5546502470970154, 'ymin': 0.7703856229782104, 'xmax': 557.7694091796875, 'ymax': 453.31939697265625}]}"
27,cju2ti1du4idn0878giuozonw.jpg,0.23487015980602272,"{'height': 530, 'width': 571, 'bbox': [{'label': 'polyp', 'xmin': 0.3626179099082947, 'ymin': 0.5221903324127197, 'xmax': 570.7825317382812, 'ymax': 529.74951171875}]}"
28,cju88evxanv9r08176zkeovec.jpg,0.2863518217120172,"{'height': 530, 'width': 570, 'bbox': [{'label': 'polyp', 'xmin': 0.5136457085609436, 'ymin': 0.4114815592765808, 'xmax': 569.941162109375, 'ymax': 529.7612915039062}]}"
29,cju439oazm2fu0871ma0vvrft.jpg,0.36329209795506184,"{'height': 531, 'width': 622, 'bbox': [{'label': 'polyp', 'xmin': 2.285858631134033, 'ymin': 2.5490806102752686, 'xmax': 620.1101684570312, 'ymax': 528.4481811523438}]}"
30,cju2ouil2mssu0993hvxsed6d.jpg,0.08731000027653082,"{'height': 511, 'width': 605, 'bbox': [{'label': 'polyp', 'xmin': 0.5722129344940186, 'ymin': 1.1110459566116333, 'xmax': 604.7052612304688, 'ymax': 510.2626037597656}]}"
31,cju171py4qiha0835u8sl59ds.jpg,0.8795168382315284,"{'height': 530, 'width': 616, 'bbox': [{'label': 'polyp', 'xmin': 2.1438374519348145, 'ymin': 2.579850912094116, 'xmax': 614.325927734375, 'ymax': 526.9229125976562}, {'label': 'polyp', 'xmin': 273.11993408203125, 'ymin': 8.677678108215332, 'xmax': 612.0564575195312, 'ymax': 423.7459411621094}]}"
32,cju7et17a2vjk0755e743npl1.jpg,0.10606534220178768,"{'height': 546, 'width': 626, 'bbox': [{'label': 'polyp', 'xmin': 0.6303014755249023, 'ymin': 0.6211048364639282, 'xmax': 625.8655395507812, 'ymax': 544.7179565429688}]}"
33,cju5uhrdwkmsu0817ervv91l8.jpg,0.03546102102054488,"{'height': 547, 'width': 626, 'bbox': [{'label': 'polyp', 'xmin': 59.854373931884766, 'ymin': 1.0112864971160889, 'xmax': 625.1129150390625, 'ymax': 545.4879760742188}]}"
34,cju2raxlosl630988jdbfy9b0.jpg,0.6181592685904262,"{'height': 528, 'width': 557, 'bbox': [{'label': 'polyp', 'xmin': 1.2246239185333252, 'ymin': 1.4356398582458496, 'xmax': 555.7128295898438, 'ymax': 526.6581420898438}, {'label': 'polyp', 'xmin': 105.28560638427734, 'ymin': 249.1419219970703, 'xmax': 423.4565734863281, 'ymax': 526.1990966796875}, {'label': 'polyp', 'xmin': 358.418701171875, 'ymin': 421.0284423828125, 'xmax': 476.7740478515625, 'ymax': 527.5452270507812}]}"
35,cju5g163vd6mt0817uccuga6u.jpg,0.114281371984386,"{'height': 547, 'width': 545, 'bbox': [{'label': 'polyp', 'xmin': 1.01826012134552, 'ymin': 1.21056067943573, 'xmax': 544.59814453125, 'ymax': 546.1338500976562}, {'label': 'polyp', 'xmin': 212.5505828857422, 'ymin': 400.00335693359375, 'xmax': 376.9090576171875, 'ymax': 546.6353759765625}]}"
36,cju6xifswvwbo0987nibtdr50.jpg,0.6327154218065157,"{'height': 531, 'width': 618, 'bbox': [{'label': 'polyp', 'xmin': 0.995520830154419, 'ymin': 1.2985706329345703, 'xmax': 617.0804443359375, 'ymax': 529.5645141601562}]}"
37,cju1b0y2e396p08558ois175d.jpg,0.09113123022461703,"{'height': 546, 'width': 626, 'bbox': [{'label': 'polyp', 'xmin': 1.1131067276000977, 'ymin': 1.1754616498947144, 'xmax': 624.73681640625, 'ymax': 544.6969604492188}]}"
38,cju1h89h6xbnx08352k2790o9.jpg,0.17545144059393625,"{'height': 531, 'width': 570, 'bbox': [{'label': 'polyp', 'xmin': 0.28893738985061646, 'ymin': 0.16261804103851318, 'xmax': 569.986083984375, 'ymax': 530.976318359375}]}"
39,cju88cddensj00987788yotmg.jpg,0.1288484332233899,"{'height': 531, 'width': 622, 'bbox': [{'label': 'polyp', 'xmin': 1.2978897094726562, 'ymin': 1.518206238746643, 'xmax': 620.79833984375, 'ymax': 529.236328125}, {'label': 'polyp', 'xmin': 304.66302490234375, 'ymin': 205.67266845703125, 'xmax': 442.820556640625, 'ymax': 387.7132263183594}]}"
40,cju5hwonqedw10801vsd3w6kk.jpg,0.25560359629132456,"{'height': 531, 'width': 529, 'bbox': [{'label': 'polyp', 'xmin': 0.4142051041126251, 'ymin': 0.28562602400779724, 'xmax': 528.9443969726562, 'ymax': 531.0}]}"
41,cju2sggy13na70855tbeoqgha.jpg,0.51601405469992,"{'height': 530, 'width': 559, 'bbox': [{'label': 'polyp', 'xmin': 0.7060794830322266, 'ymin': 1.552592158317566, 'xmax': 558.672119140625, 'ymax': 528.3363647460938}]}"
42,cju1g20bdwq6u0835e16xugcd.jpg,0.39885288491561854,"{'height': 531, 'width': 622, 'bbox': [{'label': 'polyp', 'xmin': 27.473846435546875, 'ymin': 0.8995107412338257, 'xmax': 620.4666137695312, 'ymax': 529.4627685546875}, {'label': 'polyp', 'xmin': 276.9601135253906, 'ymin': 120.05733489990234, 'xmax': 515.65625, 'ymax': 476.5851135253906}]}"
43,cju8ashhnquqr0801rwduzt7d.jpg,0.06606601952280809,"{'height': 1011, 'width': 1220, 'bbox': [{'label': 'polyp', 'xmin': 1.377308964729309, 'ymin': 3.1973509788513184, 'xmax': 1219.29345703125, 'ymax': 1007.2781372070312}]}"
44,cju1gghyjwxt80835vx0wgxw0.jpg,0.4264739237596964,"{'height': 529, 'width': 621, 'bbox': [{'label': 'polyp', 'xmin': 2.433128595352173, 'ymin': 2.121112108230591, 'xmax': 618.8991088867188, 'ymax': 526.7241821289062}, {'label': 'polyp', 'xmin': 186.48825073242188, 'ymin': 120.16194152832031, 'xmax': 524.024169921875, 'ymax': 491.8875427246094}]}"
45,cju7cue9b232j0801qdzk1ykj.jpg,0.19179466851649984,"{'height': 528, 'width': 613, 'bbox': [{'label': 'polyp', 'xmin': 0.7914968132972717, 'ymin': 1.0147590637207031, 'xmax': 612.4149780273438, 'ymax': 526.7601928710938}]}"
46,cju30j1rgadut0801vuyrsnt8.jpg,0.059659229605038326,"{'height': 530, 'width': 570, 'bbox': [{'label': 'polyp', 'xmin': 0.2019113302230835, 'ymin': 0.21118223667144775, 'xmax': 570.0, 'ymax': 530.0}]}"
47,cju8cdeazsm8h0801jxifmzur.jpg,0.2585290349509273,"{'height': 547, 'width': 626, 'bbox': [{'label': 'polyp', 'xmin': 1.8576778173446655, 'ymin': 1.5680443048477173, 'xmax': 624.4301147460938, 'ymax': 544.77490234375}, {'label': 'polyp', 'xmin': 213.5167694091797, 'ymin': 3.1264052391052246, 'xmax': 455.3679504394531, 'ymax': 454.30889892578125}]}"
48,cju2tjrog4jy30878pawyazqc.jpg,0.2290324237633482,"{'height': 530, 'width': 622, 'bbox': [{'label': 'polyp', 'xmin': 1.0691055059432983, 'ymin': 1.742166519165039, 'xmax': 620.7639770507812, 'ymax': 527.8513793945312}]}"
49,cju2qu37qobl50993aw7ghcfq.jpg,0.11578632251197446,"{'height': 528, 'width': 543, 'bbox': [{'label': 'polyp', 'xmin': 0.3263395428657532, 'ymin': 0.5012111663818359, 'xmax': 542.7703857421875, 'ymax': 527.7069702148438}]}"
50,cju8cgi2kspp308011nxdtjp6.jpg,0.07170574449283816,"{'height': 530, 'width': 619, 'bbox': [{'label': 'polyp', 'xmin': 1.094922661781311, 'ymin': 1.5395137071609497, 'xmax': 617.9238891601562, 'ymax': 528.3001708984375}]}"
51,cju15jr8jz8sb0855ukmkswkz.jpg,0.5815337992490671,"{'height': 528, 'width': 594, 'bbox': [{'label': 'polyp', 'xmin': 0.45483237504959106, 'ymin': 0.9356718063354492, 'xmax': 593.852783203125, 'ymax': 527.5745849609375}]}"
52,cju858eswlepn0871pzvdrhj1.jpg,0.46720046566404505,"{'height': 530, 'width': 570, 'bbox': [{'label': 'polyp', 'xmin': 0.39830178022384644, 'ymin': 0.6085586547851562, 'xmax': 569.8890380859375, 'ymax': 529.5741577148438}]}"
53,cju7aez2x1jtj0871ztezs3oi.jpg,0.07566644211336734,"{'height': 510, 'width': 621, 'bbox': [{'label': 'polyp', 'xmin': 0.5122989416122437, 'ymin': 0.7581201195716858, 'xmax': 620.6658935546875, 'ymax': 509.0274353027344}]}"
54,cju5u6wf0kh1t0755bg1ssixv.jpg,0.7157420592252477,"{'height': 530, 'width': 571, 'bbox': [{'label': 'polyp', 'xmin': 0.46744340658187866, 'ymin': 0.3471001982688904, 'xmax': 570.8893432617188, 'ymax': 529.9498901367188}]}"
55,ck2395w2mb4vu07480otsu6tw.jpg,0.3719287283932648,"{'height': 576, 'width': 720, 'bbox': [{'label': 'polyp', 'xmin': 45.38115310668945, 'ymin': 23.350101470947266, 'xmax': 673.4597778320312, 'ymax': 553.7714233398438}, {'label': 'polyp', 'xmin': 434.1404724121094, 'ymin': 60.26765823364258, 'xmax': 611.4662475585938, 'ymax': 290.3070373535156}, {'label': 'polyp', 'xmin': 346.2912292480469, 'ymin': 273.8015441894531, 'xmax': 596.6665649414062, 'ymax': 554.0555419921875}, {'label': 'polyp', 'xmin': 33.563751220703125, 'ymin': 377.7693786621094, 'xmax': 243.9359130859375, 'ymax': 552.61572265625}, {'label': 'polyp', 'xmin': 52.65434265136719, 'ymin': 26.441062927246094, 'xmax': 609.6661987304688, 'ymax': 301.1139221191406}, {'label': 'polyp', 'xmin': 46.3406982421875, 'ymin': 273.39764404296875, 'xmax': 600.5579223632812, 'ymax': 554.4856567382812}]}"
56,cju7dtb1e2j0t0818deq51ib3.jpg,0.35101193702327915,"{'height': 528, 'width': 622, 'bbox': [{'label': 'polyp', 'xmin': 0.8120522499084473, 'ymin': 1.5109033584594727, 'xmax': 621.7509155273438, 'ymax': 526.6704711914062}]}"
57,cju5waeduln160817w0agirve.jpg,0.2401133289429423,"{'height': 528, 'width': 540, 'bbox': [{'label': 'polyp', 'xmin': 0.6071501970291138, 'ymin': 0.6794013977050781, 'xmax': 540.0, 'ymax': 527.39501953125}]}"
58,cju2okvco06xc0799kxe5n1qh.jpg,0.5973065431083012,"{'height': 530, 'width': 577, 'bbox': [{'label': 'polyp', 'xmin': 1.128621220588684, 'ymin': 1.3634759187698364, 'xmax': 576.0645751953125, 'ymax': 528.1427612304688}]}"
59,cju5yimthmlv80850zhoc90c2.jpg,0.122820609360519,"{'height': 528, 'width': 590, 'bbox': [{'label': 'polyp', 'xmin': 0.5596610903739929, 'ymin': 0.9844679832458496, 'xmax': 589.7077026367188, 'ymax': 526.7600708007812}]}"
60,cju7evxt12m730987rxivne3x.jpg,0.7344307105098237,"{'height': 528, 'width': 510, 'bbox': [{'label': 'polyp', 'xmin': 0.3780493140220642, 'ymin': 0.3509202003479004, 'xmax': 509.8681335449219, 'ymax': 528.0}]}"
61,cju2sszfq3uye0878sucelzk2.jpg,0.9159052114795132,"{'height': 531, 'width': 622, 'bbox': [{'label': 'polyp', 'xmin': 0.9139874577522278, 'ymin': 1.5366898775100708, 'xmax': 621.010009765625, 'ymax': 529.4791259765625}]}"
62,cju15mhjczc8z0801kit5c6di.jpg,0.31063441140298526,"{'height': 546, 'width': 624, 'bbox': [{'label': 'polyp', 'xmin': 0.7991724014282227, 'ymin': 0.8054999113082886, 'xmax': 623.2631225585938, 'ymax': 544.947021484375}]}"
63,cju17g6ykn1cs0993dww6qdi8.jpg,0.616118885587897,"{'height': 510, 'width': 605, 'bbox': [{'label': 'polyp', 'xmin': 0.3146125376224518, 'ymin': 0.12530207633972168, 'xmax': 604.9298095703125, 'ymax': 509.9673767089844}]}"
64,cju6xlygpw7bs0818n691jsq4.jpg,0.5927773847242302,"{'height': 531, 'width': 570, 'bbox': [{'label': 'polyp', 'xmin': 1.2694456577301025, 'ymin': 1.6780232191085815, 'xmax': 568.7725830078125, 'ymax': 529.1895751953125}]}"
65,cju1f8w0t65en0799m9oacq0q.jpg,0.20793092970102126,"{'height': 528, 'width': 622, 'bbox': [{'label': 'polyp', 'xmin': 2.4503934383392334, 'ymin': 1.6481494903564453, 'xmax': 620.708984375, 'ymax': 526.3911743164062}]}"
66,cju2rmd2rsw9g09888hh1efu0.jpg,0.018500206336476397,"{'height': 531, 'width': 570, 'bbox': [{'label': 'polyp', 'xmin': 0.2713894844055176, 'ymin': 0.194220632314682, 'xmax': 569.9944458007812, 'ymax': 531.0}]}"
67,cju2syxa93yw40799x2iuwabz.jpg,0.05174947586964929,"{'height': 474, 'width': 602, 'bbox': [{'label': 'polyp', 'xmin': 0.3768147826194763, 'ymin': 0.21373093128204346, 'xmax': 601.9317626953125, 'ymax': 473.9188232421875}]}"
68,cju7ebe962hr409872ovibahw.jpg,0.7777614000294799,"{'height': 530, 'width': 622, 'bbox': [{'label': 'polyp', 'xmin': 0.8302186131477356, 'ymin': 1.3876742124557495, 'xmax': 621.1640625, 'ymax': 528.750244140625}]}"
69,cju2yw4s7z7p20988lmf2gdgd.jpg,0.16448248194704465,"{'height': 530, 'width': 571, 'bbox': [{'label': 'polyp', 'xmin': 0.4545103907585144, 'ymin': 0.25405049324035645, 'xmax': 570.8783569335938, 'ymax': 529.9942626953125}]}"
70,cju6v5ilsv8hk0850rb5sgh6o.jpg,0.06797549705561196,"{'height': 530, 'width': 622, 'bbox': [{'label': 'polyp', 'xmin': 1.1789374351501465, 'ymin': 0.9420275688171387, 'xmax': 620.9262084960938, 'ymax': 528.24169921875}]}"
71,cju88vx2uoocy075531lc63n3.jpg,0.05836774388980119,"{'height': 508, 'width': 596, 'bbox': [{'label': 'polyp', 'xmin': 1.1105095148086548, 'ymin': 0.9059221744537354, 'xmax': 594.7315063476562, 'ymax': 506.7904052734375}]}"
72,cju33eqwbcch208012jikwdky.jpg,0.3315298533017382,"{'height': 547, 'width': 626, 'bbox': [{'label': 'polyp', 'xmin': 1.327523112297058, 'ymin': 1.7871087789535522, 'xmax': 624.7009887695312, 'ymax': 544.461181640625}]}"
73,cju5hqz50e7o90850e0prlpa0.jpg,0.37450946005387675,"{'height': 528, 'width': 595, 'bbox': [{'label': 'polyp', 'xmin': 0.40311023592948914, 'ymin': 1.198692798614502, 'xmax': 594.802734375, 'ymax': 527.1757202148438}]}"
74,cju6z7e4bwgdd0987ogkzq9kt.jpg,0.3149498921730306,"{'height': 528, 'width': 623, 'bbox': [{'label': 'polyp', 'xmin': 1.4827669858932495, 'ymin': 1.5978584289550781, 'xmax': 621.6871337890625, 'ymax': 525.85400390625}]}"
75,cju410dnfl0960755y8lu8d79.jpg,0.4291345745648614,"{'height': 546, 'width': 626, 'bbox': [{'label': 'polyp', 'xmin': 1.0643951892852783, 'ymin': 1.8006181716918945, 'xmax': 624.82421875, 'ymax': 544.1638793945312}]}"
76,cju8402x1kcy70801t6kz6bdi.jpg,0.3533798483617976,"{'height': 547, 'width': 626, 'bbox': [{'label': 'polyp', 'xmin': 1.1831796169281006, 'ymin': 1.7314215898513794, 'xmax': 624.7625732421875, 'ymax': 545.13720703125}]}"
77,cju76o55nymqd0871h31sph9w.jpg,0.01692391260166357,"{'height': 529, 'width': 600, 'bbox': [{'label': 'polyp', 'xmin': 0.4826366603374481, 'ymin': 0.7774563431739807, 'xmax': 599.8815307617188, 'ymax': 528.9193115234375}]}"
78,cju5x7iskmad90818frchyfwd.jpg,0.4084255229183232,"{'height': 483, 'width': 522, 'bbox': [{'label': 'polyp', 'xmin': 0.2872876524925232, 'ymin': 0.35460904240608215, 'xmax': 521.7621459960938, 'ymax': 482.9016418457031}]}"
79,cju7d2q1k27nf08715zshsckt.jpg,0.4431914208986284,"{'height': 530, 'width': 620, 'bbox': [{'label': 'polyp', 'xmin': 0.7937353849411011, 'ymin': 0.9578385949134827, 'xmax': 619.652099609375, 'ymax': 528.5363159179688}]}"
80,cju84dsvaklpx098750hp83x4.jpg,0.6135114846055197,"{'height': 530, 'width': 570, 'bbox': [{'label': 'polyp', 'xmin': 0.26693880558013916, 'ymin': 0.20213156938552856, 'xmax': 569.8256225585938, 'ymax': 530.0}]}"
81,cju7dsrtb2f8i085064kwugfk.jpg,0.18553849055681107,"{'height': 530, 'width': 584, 'bbox': [{'label': 'polyp', 'xmin': 1.6423113346099854, 'ymin': 1.8676280975341797, 'xmax': 582.6099853515625, 'ymax': 528.0516967773438}]}"
82,cju5vutu7ll8w0871dfp92n9p.jpg,0.334052111410602,"{'height': 528, 'width': 605, 'bbox': [{'label': 'polyp', 'xmin': 0.69997638463974, 'ymin': 1.3773236274719238, 'xmax': 604.576416015625, 'ymax': 526.6176147460938}]}"
83,cju8bljw9rqk20801kr54akrl.jpg,0.5059514578691197,"{'height': 529, 'width': 621, 'bbox': [{'label': 'polyp', 'xmin': 0.9118703007698059, 'ymin': 1.460572361946106, 'xmax': 619.697998046875, 'ymax': 527.2743530273438}]}"
84,cju2z1nxlzaj40835wj81s1iy.jpg,0.5259703711570116,"{'height': 531, 'width': 622, 'bbox': [{'label': 'polyp', 'xmin': 1.3706104755401611, 'ymin': 1.9389305114746094, 'xmax': 621.0379638671875, 'ymax': 454.9576110839844}, {'label': 'polyp', 'xmin': 147.831298828125, 'ymin': 55.76170349121094, 'xmax': 428.65234375, 'ymax': 390.8338928222656}]}"
85,cju84kplnl1y30755ropua1b0.jpg,0.7966300355544462,"{'height': 528, 'width': 622, 'bbox': [{'label': 'polyp', 'xmin': 0.4747892916202545, 'ymin': 0.25848913192749023, 'xmax': 621.8450927734375, 'ymax': 528.0}]}"
86,cju42dwedlmk60871jbgu4ehi.jpg,0.31135705772177763,"{'height': 531, 'width': 621, 'bbox': [{'label': 'polyp', 'xmin': 1.700778603553772, 'ymin': 2.1746761798858643, 'xmax': 619.4589233398438, 'ymax': 528.5297241210938}, {'label': 'polyp', 'xmin': 166.6450653076172, 'ymin': 195.17047119140625, 'xmax': 617.1025390625, 'ymax': 525.1300048828125}, {'label': 'polyp', 'xmin': 227.06385803222656, 'ymin': 199.078369140625, 'xmax': 296.62823486328125, 'ymax': 281.3646240234375}]}"
87,cju7ezs7g2mxm098787atbran.jpg,0.10287357239837074,"{'height': 530, 'width': 622, 'bbox': [{'label': 'polyp', 'xmin': 1.0634516477584839, 'ymin': 1.1921133995056152, 'xmax': 620.9699096679688, 'ymax': 528.313720703125}]}"
88,cju7apr0c1qqm0755s7msqot4.jpg,0.28081504806651003,"{'height': 530, 'width': 584, 'bbox': [{'label': 'polyp', 'xmin': 1.5610843896865845, 'ymin': 1.9883668422698975, 'xmax': 582.7508544921875, 'ymax': 527.9910888671875}, {'label': 'polyp', 'xmin': 254.15541076660156, 'ymin': 170.27377319335938, 'xmax': 446.76885986328125, 'ymax': 451.9485778808594}]}"
89,cju8ceacrsqkr0755hdz145es.jpg,0.10139183254309873,"{'height': 492, 'width': 566, 'bbox': [{'label': 'polyp', 'xmin': 0.6742185354232788, 'ymin': 0.9070959091186523, 'xmax': 565.504150390625, 'ymax': 490.87542724609375}, {'label': 'polyp', 'xmin': 139.62396240234375, 'ymin': 65.51673126220703, 'xmax': 280.4166564941406, 'ymax': 174.09188842773438}]}"
90,cju17v6ih0u7808783zcbg1jy.jpg,0.7091721028775643,"{'height': 528, 'width': 622, 'bbox': [{'label': 'polyp', 'xmin': 2.2610931396484375, 'ymin': 2.077134132385254, 'xmax': 620.0866088867188, 'ymax': 525.6365356445312}, {'label': 'polyp', 'xmin': 18.171476364135742, 'ymin': 2.8913111686706543, 'xmax': 356.9555969238281, 'ymax': 444.7735900878906}]}"
91,cju2zdhsczmn50988z64qwg2q.jpg,0.3613742956970632,"{'height': 530, 'width': 598, 'bbox': [{'label': 'polyp', 'xmin': 0.7412972450256348, 'ymin': 0.8782938122749329, 'xmax': 597.1150512695312, 'ymax': 528.5783081054688}]}"
92,cju2mfjndoz700988b9lc3zeq.jpg,0.19703828927064188,"{'height': 531, 'width': 622, 'bbox': [{'label': 'polyp', 'xmin': 1.7225364446640015, 'ymin': 1.9627156257629395, 'xmax': 620.5894165039062, 'ymax': 528.6829833984375}, {'label': 'polyp', 'xmin': 274.3127136230469, 'ymin': 97.10043334960938, 'xmax': 488.4299621582031, 'ymax': 326.6168518066406}]}"
93,cju2y0z6g87p10878fpk5d3rq.jpg,0.48468647998625664,"{'height': 530, 'width': 554, 'bbox': [{'label': 'polyp', 'xmin': 0.9125841856002808, 'ymin': 2.0010344982147217, 'xmax': 553.3804931640625, 'ymax': 528.4402465820312}]}"
94,cju3v56bwgy8v0871w14pz8fx.jpg,0.3172531106056841,"{'height': 531, 'width': 570, 'bbox': [{'label': 'polyp', 'xmin': 0.5002596974372864, 'ymin': 0.3241441547870636, 'xmax': 569.9324951171875, 'ymax': 530.9450073242188}]}"
95,cju5xopi0md7q0871r1sjc1av.jpg,0.24776321430975895,"{'height': 546, 'width': 568, 'bbox': [{'label': 'polyp', 'xmin': 1.4368417263031006, 'ymin': 1.9666908979415894, 'xmax': 566.525634765625, 'ymax': 543.4435424804688}, {'label': 'polyp', 'xmin': 162.3610076904297, 'ymin': 29.08803367614746, 'xmax': 247.91439819335938, 'ymax': 128.13131713867188}, {'label': 'polyp', 'xmin': 382.00177001953125, 'ymin': 168.9951171875, 'xmax': 565.7874145507812, 'ymax': 414.113525390625}, {'label': 'polyp', 'xmin': 3.754399061203003, 'ymin': 16.840158462524414, 'xmax': 257.1918029785156, 'ymax': 542.4210205078125}]}"
96,cju1gv7106qd008784gk603mg.jpg,0.3176466517569272,"{'height': 531, 'width': 622, 'bbox': [{'label': 'polyp', 'xmin': 1.1917836666107178, 'ymin': 1.3560787439346313, 'xmax': 620.2086791992188, 'ymax': 529.5160522460938}]}"
97,cju893jmdompz0817xn3g1w4h.jpg,0.3389706521641368,"{'height': 547, 'width': 626, 'bbox': [{'label': 'polyp', 'xmin': 0.7406160235404968, 'ymin': 0.620938241481781, 'xmax': 625.48486328125, 'ymax': 546.0148315429688}]}"
98,cju6wll7wvo3y08502pagos8m.jpg,0.4300401103367403,"{'height': 497, 'width': 568, 'bbox': [{'label': 'polyp', 'xmin': 0.3170053958892822, 'ymin': 0.4933498799800873, 'xmax': 567.7422485351562, 'ymax': 496.8258972167969}]}"
99,ck2da7fwcjfis07218r1rvm95.jpg,0.11655514170962245,"{'height': 576, 'width': 720, 'bbox': [{'label': 'polyp', 'xmin': 40.541526794433594, 'ymin': 10.800968170166016, 'xmax': 673.6441650390625, 'ymax': 563.1067504882812}]}"
100,cju8abobpqbir08189u01huru.jpg,0.25857632035930234,"{'height': 547, 'width': 626, 'bbox': [{'label': 'polyp', 'xmin': 1.1967240571975708, 'ymin': 1.0915569067001343, 'xmax': 625.1812744140625, 'ymax': 545.818359375}, {'label': 'polyp', 'xmin': 204.42445373535156, 'ymin': 376.6708679199219, 'xmax': 466.9343566894531, 'ymax': 545.4522094726562}]}"
